<?xml version = '1.0' encoding = 'UTF-8'?>
<Relation class="oracle.dbtools.crest.model.design.logical.Relation" name="Relation_19" directorySegmentName="seg_0" id="1428F4AB-588D-2F28-5A34-5B12BF8296E1">
<createdBy>Usuario</createdBy>
<createdTime>2022-02-11 18:46:03 UTC</createdTime>
<ownerDesignName>G2_TF_E22A</ownerDesignName>
<engineerTo>
<item key="B46B0E09-DC3F-ACA6-B445-D83A2AC6A172" value="true"/>
<item key="B9B736CC-ED98-F109-8330-E394C7F372BB" value="true"/>
</engineerTo>
<identifying>false</identifying>
<optionalSource>false</optionalSource>
<optionalTarget>false</optionalTarget>
<sourceCardinality>*</sourceCardinality>
<sourceEntity>AF80AEEE-C82E-C929-EAC6-D9758E7A0987</sourceEntity>
<targetCardinalityString>*</targetCardinalityString>
<targetEntity>801A15B7-129E-D299-852A-0309F0DD3AB9</targetEntity>
<transferable>true</transferable>
<deleteRule>NO ACTION</deleteRule>
</Relation>