<?xml version = '1.0' encoding = 'UTF-8'?>
<Relation class="oracle.dbtools.crest.model.design.logical.Relation" name="Relation_33" directorySegmentName="seg_0" id="44CA179A-B22B-8AF0-9102-DE9819F3EB98">
<createdBy>Intel</createdBy>
<createdTime>2022-02-09 04:06:13 UTC</createdTime>
<ownerDesignName>G2_TF_E22A</ownerDesignName>
<importedID>E46804E5-41C9-6D42-3AFA-2E0933BAD49B</importedID>
<engineerTo>
<item key="B46B0E09-DC3F-ACA6-B445-D83A2AC6A172" value="true"/>
<item key="B9B736CC-ED98-F109-8330-E394C7F372BB" value="true"/>
</engineerTo>
<sourcePk>938DD306-A188-6B23-3008-70EA6368FC61</sourcePk>
<identifying>true</identifying>
<optionalSource>true</optionalSource>
<optionalTarget>false</optionalTarget>
<sourceCardinality>1</sourceCardinality>
<sourceEntity>E9D7A02F-8DC2-53AA-B32F-7EC8B3EEE5E5</sourceEntity>
<targetCardinalityString>1</targetCardinalityString>
<targetEntity>D02709D2-9FF5-B656-77F4-A242B93A901C</targetEntity>
<transferable>true</transferable>
<deleteRule>NO ACTION</deleteRule>
</Relation>