<?xml version = '1.0' encoding = 'UTF-8'?>
<Relation class="oracle.dbtools.crest.model.design.logical.Relation" name="Relation_22" directorySegmentName="seg_0" id="45FE4650-746D-674B-150F-C17C372AB4DF">
<createdBy>Intel</createdBy>
<createdTime>2022-02-09 04:06:13 UTC</createdTime>
<ownerDesignName>G2_TF_E22A</ownerDesignName>
<importedID>64D7D41D-AF61-4D8D-FCF6-424A41383E72</importedID>
<engineerTo>
<item key="B46B0E09-DC3F-ACA6-B445-D83A2AC6A172" value="true"/>
<item key="B9B736CC-ED98-F109-8330-E394C7F372BB" value="true"/>
</engineerTo>
<sourcePk>938DD306-A188-6B23-3008-70EA6368FC61</sourcePk>
<identifying>true</identifying>
<optionalSource>false</optionalSource>
<optionalTarget>false</optionalTarget>
<sourceCardinality>1</sourceCardinality>
<sourceEntity>E9D7A02F-8DC2-53AA-B32F-7EC8B3EEE5E5</sourceEntity>
<targetCardinalityString>*</targetCardinalityString>
<targetEntity>A14FD928-1221-C3FB-D4F0-5430F731F8F2</targetEntity>
<transferable>true</transferable>
<deleteRule>NO ACTION</deleteRule>
</Relation>