<?xml version = '1.0' encoding = 'UTF-8'?>
<Relation class="oracle.dbtools.crest.model.design.logical.Relation" name="Relation_31" directorySegmentName="seg_0" id="790493AA-E076-E0BF-D684-3F394E54C4FA">
<createdBy>yvasquez</createdBy>
<createdTime>2022-02-14 01:44:36 UTC</createdTime>
<ownerDesignName>G2_TF_E22A</ownerDesignName>
<engineerTo>
<item key="B46B0E09-DC3F-ACA6-B445-D83A2AC6A172" value="true"/>
<item key="B9B736CC-ED98-F109-8330-E394C7F372BB" value="true"/>
</engineerTo>
<sourcePk>3CA2C318-1724-BAA4-3C5F-59F0130EDB67</sourcePk>
<identifying>true</identifying>
<optionalSource>false</optionalSource>
<optionalTarget>false</optionalTarget>
<sourceCardinality>1</sourceCardinality>
<sourceEntity>A14FD928-1221-C3FB-D4F0-5430F731F8F2</sourceEntity>
<targetCardinalityString>*</targetCardinalityString>
<targetEntity>E2399238-BE01-C47D-3A21-89D5D1CBA104</targetEntity>
<transferable>true</transferable>
<deleteRule>NO ACTION</deleteRule>
</Relation>