<?xml version = '1.0' encoding = 'UTF-8'?>
<Relation class="oracle.dbtools.crest.model.design.logical.Relation" name="Relation_32" directorySegmentName="seg_0" id="7BE1AFF7-6B81-3C4F-7B41-BFD9F394A8B6">
<createdBy>yvasquez</createdBy>
<createdTime>2022-02-14 01:45:30 UTC</createdTime>
<ownerDesignName>G2_TF_E22A</ownerDesignName>
<engineerTo>
<item key="B46B0E09-DC3F-ACA6-B445-D83A2AC6A172" value="true"/>
<item key="B9B736CC-ED98-F109-8330-E394C7F372BB" value="true"/>
</engineerTo>
<sourcePk>D291D4B6-C47F-FC38-D0EE-97695A7469E4</sourcePk>
<identifying>true</identifying>
<optionalSource>false</optionalSource>
<optionalTarget>false</optionalTarget>
<sourceCardinality>1</sourceCardinality>
<sourceEntity>3D9737A7-9EB7-7675-D796-60A55C7A604A</sourceEntity>
<targetCardinalityString>*</targetCardinalityString>
<targetEntity>E2399238-BE01-C47D-3A21-89D5D1CBA104</targetEntity>
<transferable>true</transferable>
<deleteRule>NO ACTION</deleteRule>
</Relation>