<?xml version = '1.0' encoding = 'UTF-8'?>
<Relation class="oracle.dbtools.crest.model.design.logical.Relation" name="Relation_8" directorySegmentName="seg_0" id="8895C84F-9F7F-2D20-AC26-FE424BF8A01F">
<createdBy>Intel</createdBy>
<createdTime>2022-02-09 04:06:13 UTC</createdTime>
<ownerDesignName>G2_TF_E22A</ownerDesignName>
<importedID>311FE835-E1C1-7D5A-D359-4E9CB5B020A7</importedID>
<engineerTo>
<item key="B46B0E09-DC3F-ACA6-B445-D83A2AC6A172" value="true"/>
<item key="B9B736CC-ED98-F109-8330-E394C7F372BB" value="true"/>
</engineerTo>
<sourcePk>57F6D4F3-037C-186A-7FE4-56EB9DA981E3</sourcePk>
<identifying>true</identifying>
<optionalSource>false</optionalSource>
<optionalTarget>false</optionalTarget>
<sourceCardinality>1</sourceCardinality>
<sourceEntity>04CD63BF-D8A2-5386-68F5-E2CBD05BC202</sourceEntity>
<targetCardinalityString>*</targetCardinalityString>
<targetEntity>658E4BEE-B44D-B72E-CD33-5F162EB995FB</targetEntity>
<transferable>true</transferable>
<deleteRule>NO ACTION</deleteRule>
</Relation>