<?xml version = '1.0' encoding = 'UTF-8'?>
<Relation class="oracle.dbtools.crest.model.design.logical.Relation" name="Relation_27" directorySegmentName="seg_0" id="8E4DF4D7-EF86-2DAD-0907-811A63EBEB8B">
<createdBy>yvasquez</createdBy>
<createdTime>2022-02-14 01:41:56 UTC</createdTime>
<ownerDesignName>G2_TF_E22A</ownerDesignName>
<engineerTo>
<item key="B46B0E09-DC3F-ACA6-B445-D83A2AC6A172" value="true"/>
<item key="B9B736CC-ED98-F109-8330-E394C7F372BB" value="true"/>
</engineerTo>
<sourcePk>670E25C3-0137-225A-A533-A5DF2F80D735</sourcePk>
<identifying>false</identifying>
<optionalSource>false</optionalSource>
<optionalTarget>false</optionalTarget>
<sourceCardinality>1</sourceCardinality>
<sourceEntity>8C2CF3D4-2FEE-3630-AE71-107894E58F38</sourceEntity>
<targetCardinalityString>*</targetCardinalityString>
<targetEntity>A14FD928-1221-C3FB-D4F0-5430F731F8F2</targetEntity>
<transferable>true</transferable>
<deleteRule>NO ACTION</deleteRule>
</Relation>