<?xml version = '1.0' encoding = 'UTF-8'?>
<Relation class="oracle.dbtools.crest.model.design.logical.Relation" name="Relation_26" directorySegmentName="seg_0" id="9A9A6C0C-81F2-EA87-7EF5-6F3BA5BAC2AE">
<createdBy>Intel</createdBy>
<createdTime>2022-02-09 04:06:13 UTC</createdTime>
<ownerDesignName>G2_TF_E22A</ownerDesignName>
<importedID>FC64EC0A-16F3-D814-D7C0-C232011C263E</importedID>
<engineerTo>
<item key="B46B0E09-DC3F-ACA6-B445-D83A2AC6A172" value="true"/>
<item key="B9B736CC-ED98-F109-8330-E394C7F372BB" value="true"/>
</engineerTo>
<sourcePk>3D6B80B2-500D-7295-4A70-2F70BEBAE933</sourcePk>
<identifying>false</identifying>
<optionalSource>false</optionalSource>
<optionalTarget>false</optionalTarget>
<sourceCardinality>1</sourceCardinality>
<sourceEntity>076C3F6F-E329-F39B-0820-AEB0648220A0</sourceEntity>
<targetCardinalityString>*</targetCardinalityString>
<targetEntity>E9D7A02F-8DC2-53AA-B32F-7EC8B3EEE5E5</targetEntity>
<transferable>true</transferable>
<deleteRule>NO ACTION</deleteRule>
</Relation>