<?xml version = '1.0' encoding = 'UTF-8'?>
<Relation class="oracle.dbtools.crest.model.design.logical.Relation" name="Relation_23" directorySegmentName="seg_0" id="F2DBA6F9-0A36-5E1D-4221-A10835C99D84">
<createdBy>Intel</createdBy>
<createdTime>2022-02-09 04:06:13 UTC</createdTime>
<ownerDesignName>G2_TF_E22A</ownerDesignName>
<importedID>62307830-E231-DD74-BEAA-A7438B3B63FC</importedID>
<engineerTo>
<item key="B46B0E09-DC3F-ACA6-B445-D83A2AC6A172" value="true"/>
<item key="B9B736CC-ED98-F109-8330-E394C7F372BB" value="true"/>
</engineerTo>
<sourcePk>B84AF29B-CB2F-73DE-B877-C39BBE249BE7</sourcePk>
<identifying>true</identifying>
<optionalSource>false</optionalSource>
<optionalTarget>false</optionalTarget>
<sourceCardinality>1</sourceCardinality>
<sourceEntity>705F6DD7-D28B-BF5A-0A3C-615F4422C831</sourceEntity>
<targetCardinalityString>*</targetCardinalityString>
<targetEntity>A14FD928-1221-C3FB-D4F0-5430F731F8F2</targetEntity>
<transferable>true</transferable>
<deleteRule>NO ACTION</deleteRule>
</Relation>