<?xml version = '1.0' encoding = 'UTF-8'?>
<Entity class="oracle.dbtools.crest.model.design.logical.Entity" directorySegmentName="seg_0" id="658E4BEE-B44D-B72E-CD33-5F162EB995FB" name="INSUMO POR TAREA">
<createdBy>Intel</createdBy>
<createdTime>2022-02-09 04:06:13 UTC</createdTime>
<ownerDesignName>G2_TF_E22A</ownerDesignName>
<importedID>FE95EEE6-F71F-C2D5-FB54-75C2ABBBD69F</importedID>
<engineerTo>
<item key="B46B0E09-DC3F-ACA6-B445-D83A2AC6A172" value="true"/>
<item key="B9B736CC-ED98-F109-8330-E394C7F372BB" value="true"/>
</engineerTo>
<adequatelyNormalized>NO</adequatelyNormalized>
<expectedVolumes>0</expectedVolumes>
<fwdEngineeringStrategyName>Single Table</fwdEngineeringStrategyName>
<growthPercent>0</growthPercent>
<growthType>Year</growthType>
<maxVolumes>9999999</maxVolumes>
<minVolumes>0</minVolumes>
<normalForm>Third</normalForm>
<attributes itemClass="oracle.dbtools.crest.model.design.logical.Attribute">
<Attribute name="Co_Insumo" id="13630C0A-5723-14A2-AAB0-5F45A3EED310">
<createdBy>Intel</createdBy>
<createdTime>2022-02-09 04:06:13 UTC</createdTime>
<generatorID>8895C84F-9F7F-2D20-AC26-FE424BF8A01F</generatorID>
<ownerDesignName>G2_TF_E22A</ownerDesignName>
<importedID>C152D5FA-4D07-E0BC-FF17-E541EE608369</importedID>
<engineerTo>
<item key="B46B0E09-DC3F-ACA6-B445-D83A2AC6A172" value="true"/>
<item key="B9B736CC-ED98-F109-8330-E394C7F372BB" value="true"/>
</engineerTo>
<referedAttribute>8EAB9B6E-BFB9-40C2-C174-7395D42CBF3C</referedAttribute>
<useDomainConstraints>false</useDomainConstraints>
<use>1</use>
<logicalDatatype>LOGDT019</logicalDatatype>
<ownDataTypeParameters>,,</ownDataTypeParameters>
</Attribute>
<Attribute name="Co_Solicitud" id="68CB783B-405E-339D-7BD8-9A0B0896814C">
<createdBy>yvasquez</createdBy>
<createdTime>2022-02-14 01:44:36 UTC</createdTime>
<generatorID>2F09A8A5-E507-85A9-A832-5148ED090492</generatorID>
<ownerDesignName>G2_TF_E22A</ownerDesignName>
<engineerTo>
<item key="B46B0E09-DC3F-ACA6-B445-D83A2AC6A172" value="true"/>
<item key="B9B736CC-ED98-F109-8330-E394C7F372BB" value="true"/>
</engineerTo>
<referedAttribute>F70E4C7B-A72F-0387-967A-42FBEEDE1827</referedAttribute>
<useDomainConstraints>false</useDomainConstraints>
<use>1</use>
<logicalDatatype>LOGDT019</logicalDatatype>
<ownDataTypeParameters>,,</ownDataTypeParameters>
</Attribute>
<Attribute name="Co_Servicio" id="61828616-B705-4A85-9130-CD2209D0CBA2">
<createdBy>yvasquez</createdBy>
<createdTime>2022-02-14 01:44:36 UTC</createdTime>
<generatorID>2F09A8A5-E507-85A9-A832-5148ED090492</generatorID>
<ownerDesignName>G2_TF_E22A</ownerDesignName>
<engineerTo>
<item key="B46B0E09-DC3F-ACA6-B445-D83A2AC6A172" value="true"/>
<item key="B9B736CC-ED98-F109-8330-E394C7F372BB" value="true"/>
</engineerTo>
<referedAttribute>073C6122-EBA0-AE35-4F1C-EED9A360800C</referedAttribute>
<useDomainConstraints>false</useDomainConstraints>
<use>1</use>
<logicalDatatype>LOGDT024</logicalDatatype>
<ownDataTypeParameters>,,</ownDataTypeParameters>
</Attribute>
<Attribute name="Co_Maestro" id="8C4759D3-76A2-4616-A4EB-C1A364C27EDD">
<createdBy>yvasquez</createdBy>
<createdTime>2022-02-14 01:44:36 UTC</createdTime>
<generatorID>2F09A8A5-E507-85A9-A832-5148ED090492</generatorID>
<ownerDesignName>G2_TF_E22A</ownerDesignName>
<engineerTo>
<item key="B46B0E09-DC3F-ACA6-B445-D83A2AC6A172" value="true"/>
<item key="B9B736CC-ED98-F109-8330-E394C7F372BB" value="true"/>
</engineerTo>
<referedAttribute>3B712D98-E4B6-CB11-FCE6-AAD1AF7F56C6</referedAttribute>
<useDomainConstraints>false</useDomainConstraints>
<use>1</use>
<logicalDatatype>LOGDT019</logicalDatatype>
<ownDataTypeParameters>,,</ownDataTypeParameters>
</Attribute>
<Attribute name="Co_Tarea" id="564C7388-3700-326E-F6AC-022B4D73A765">
<createdBy>yvasquez</createdBy>
<createdTime>2022-02-14 01:46:46 UTC</createdTime>
<generatorID>2F09A8A5-E507-85A9-A832-5148ED090492</generatorID>
<ownerDesignName>G2_TF_E22A</ownerDesignName>
<engineerTo>
<item key="B46B0E09-DC3F-ACA6-B445-D83A2AC6A172" value="true"/>
<item key="B9B736CC-ED98-F109-8330-E394C7F372BB" value="true"/>
</engineerTo>
<referedAttribute>E4C6639B-70D5-C106-76CF-670F285531D1</referedAttribute>
<useDomainConstraints>false</useDomainConstraints>
<use>1</use>
<logicalDatatype>LOGDT019</logicalDatatype>
<ownDataTypeParameters>,,</ownDataTypeParameters>
</Attribute>
<Attribute name="Qt_Insumo_Tarea1" id="CEB65595-BB93-CB35-F0AB-59C226709587">
<createdBy>yvasquez</createdBy>
<createdTime>2022-02-14 03:52:16 UTC</createdTime>
<ownerDesignName>G2_TF_E22A</ownerDesignName>
<engineerTo>
<item key="B46B0E09-DC3F-ACA6-B445-D83A2AC6A172" value="true"/>
<item key="B9B736CC-ED98-F109-8330-E394C7F372BB" value="true"/>
</engineerTo>
<nullsAllowed>true</nullsAllowed>
<useDomainConstraints>false</useDomainConstraints>
<use>1</use>
<logicalDatatype>LOGDT019</logicalDatatype>
<ownDataTypeParameters>,,</ownDataTypeParameters>
</Attribute>
</attributes>
<identifiers itemClass="oracle.dbtools.crest.model.design.logical.CandidateKey">
<identifier id="E8B3F65E-6ED6-A2D2-06E9-1284F1B49AA3" name="INSUMO POR SOLICITUD PK">
<createdBy>Intel</createdBy>
<createdTime>2022-02-09 04:06:13 UTC</createdTime>
<ownerDesignName>G2_TF_E22A</ownerDesignName>
<importedID>21B38585-A2D8-73E5-5C96-4304254DD1B5</importedID>
<engineerTo>
<item key="B46B0E09-DC3F-ACA6-B445-D83A2AC6A172" value="true"/>
<item key="B9B736CC-ED98-F109-8330-E394C7F372BB" value="true"/>
</engineerTo>
<pk>true</pk>
<usedAttributes>
<attributeRef>13630C0A-5723-14A2-AAB0-5F45A3EED310</attributeRef>
<attributeRef>68CB783B-405E-339D-7BD8-9A0B0896814C</attributeRef>
<attributeRef>61828616-B705-4A85-9130-CD2209D0CBA2</attributeRef>
<attributeRef>8C4759D3-76A2-4616-A4EB-C1A364C27EDD</attributeRef>
<attributeRef>564C7388-3700-326E-F6AC-022B4D73A765</attributeRef>
</usedAttributes>
</identifier>
</identifiers>
</Entity>