<?xml version = '1.0' encoding = 'UTF-8'?>
<Entity class="oracle.dbtools.crest.model.design.logical.Entity" directorySegmentName="seg_0" id="8C2CF3D4-2FEE-3630-AE71-107894E58F38" name="APRENDIZ">
<createdBy>Intel</createdBy>
<createdTime>2022-02-09 04:06:13 UTC</createdTime>
<ownerDesignName>G2_TF_E22A</ownerDesignName>
<importedID>0FE533F8-582E-68D9-D794-EBD100ABFD7B</importedID>
<engineerTo>
<item key="B46B0E09-DC3F-ACA6-B445-D83A2AC6A172" value="true"/>
<item key="B9B736CC-ED98-F109-8330-E394C7F372BB" value="true"/>
</engineerTo>
<adequatelyNormalized>NO</adequatelyNormalized>
<expectedVolumes>0</expectedVolumes>
<fwdEngineeringStrategyName>Single Table</fwdEngineeringStrategyName>
<growthPercent>0</growthPercent>
<growthType>Year</growthType>
<hierarchicalParent>DA7504E1-A6CF-7D88-81E6-C967A759C481</hierarchicalParent>
<maxVolumes>9999999</maxVolumes>
<minVolumes>0</minVolumes>
<normalForm>Third</normalForm>
</Entity>