<?xml version = '1.0' encoding = 'UTF-8'?>
<Entity class="oracle.dbtools.crest.model.design.logical.Entity" directorySegmentName="seg_0" id="9FFEB447-A480-A5A4-301A-F811A8A52F17" name="HERRAMIENTA">
<createdBy>Intel</createdBy>
<createdTime>2022-02-09 04:06:13 UTC</createdTime>
<ownerDesignName>G2_TF_E22A</ownerDesignName>
<importedID>CF397684-ADBE-28AB-97F8-E1AB486F8F5A</importedID>
<engineerTo>
<item key="B46B0E09-DC3F-ACA6-B445-D83A2AC6A172" value="true"/>
<item key="B9B736CC-ED98-F109-8330-E394C7F372BB" value="true"/>
</engineerTo>
<adequatelyNormalized>NO</adequatelyNormalized>
<expectedVolumes>0</expectedVolumes>
<fwdEngineeringStrategyName>Single Table</fwdEngineeringStrategyName>
<growthPercent>0</growthPercent>
<growthType>Year</growthType>
<maxVolumes>9999999</maxVolumes>
<minVolumes>0</minVolumes>
<normalForm>Third</normalForm>
<attributes itemClass="oracle.dbtools.crest.model.design.logical.Attribute">
<Attribute name="Co_Herramienta" id="6C7EA1F8-ACE6-5D2B-24AC-34CF12C0DC7B">
<createdBy>Intel</createdBy>
<createdTime>2022-02-09 04:06:13 UTC</createdTime>
<ownerDesignName>G2_TF_E22A</ownerDesignName>
<importedID>E2C21513-F3EF-D4EB-CC97-E99B4550D5DE</importedID>
<engineerTo>
<item key="B46B0E09-DC3F-ACA6-B445-D83A2AC6A172" value="true"/>
<item key="B9B736CC-ED98-F109-8330-E394C7F372BB" value="true"/>
</engineerTo>
<useDomainConstraints>false</useDomainConstraints>
<use>1</use>
<logicalDatatype>LOGDT019</logicalDatatype>
<ownDataTypeParameters>,,</ownDataTypeParameters>
</Attribute>
<Attribute name="No_Herramienta" id="B28F8C0E-18BE-B1D5-7307-9811FC787B68">
<createdBy>Intel</createdBy>
<createdTime>2022-02-09 04:06:13 UTC</createdTime>
<ownerDesignName>G2_TF_E22A</ownerDesignName>
<importedID>C1A1BA76-7FDF-EFEE-31A1-3E92C199E436</importedID>
<engineerTo>
<item key="B46B0E09-DC3F-ACA6-B445-D83A2AC6A172" value="true"/>
<item key="B9B736CC-ED98-F109-8330-E394C7F372BB" value="true"/>
</engineerTo>
<nullsAllowed>true</nullsAllowed>
<useDomainConstraints>false</useDomainConstraints>
<use>1</use>
<logicalDatatype>LOGDT024</logicalDatatype>
<ownDataTypeParameters>,,</ownDataTypeParameters>
</Attribute>
<Attribute name="Tx_Descripcion_Herramienta" id="D54BEC15-B321-EACD-BA6D-72B2D1E8CA6B">
<createdBy>Intel</createdBy>
<createdTime>2022-02-09 04:06:13 UTC</createdTime>
<ownerDesignName>G2_TF_E22A</ownerDesignName>
<importedID>3706937A-CFDF-F05C-D956-9F6AFA4C3975</importedID>
<engineerTo>
<item key="B46B0E09-DC3F-ACA6-B445-D83A2AC6A172" value="true"/>
<item key="B9B736CC-ED98-F109-8330-E394C7F372BB" value="true"/>
</engineerTo>
<nullsAllowed>true</nullsAllowed>
<useDomainConstraints>false</useDomainConstraints>
<use>1</use>
<logicalDatatype>LOGDT024</logicalDatatype>
<ownDataTypeParameters>,,</ownDataTypeParameters>
</Attribute>
</attributes>
<identifiers itemClass="oracle.dbtools.crest.model.design.logical.CandidateKey">
<identifier id="96D323B3-EBEC-065E-AAE9-2CD4B22B80EA" name="HERRAMIENTA PK">
<createdBy>Intel</createdBy>
<createdTime>2022-02-09 04:06:13 UTC</createdTime>
<ownerDesignName>G2_TF_E22A</ownerDesignName>
<importedID>F2E1964D-E248-E5CB-C7F5-192E84E6F546</importedID>
<engineerTo>
<item key="B46B0E09-DC3F-ACA6-B445-D83A2AC6A172" value="true"/>
<item key="B9B736CC-ED98-F109-8330-E394C7F372BB" value="true"/>
</engineerTo>
<pk>true</pk>
<usedAttributes>
<attributeRef>6C7EA1F8-ACE6-5D2B-24AC-34CF12C0DC7B</attributeRef>
</usedAttributes>
</identifier>
</identifiers>
</Entity>