<?xml version = '1.0' encoding = 'UTF-8'?>
<Entity class="oracle.dbtools.crest.model.design.logical.Entity" directorySegmentName="seg_0" id="AF80AEEE-C82E-C929-EAC6-D9758E7A0987" name="MAESTRO">
<createdBy>Intel</createdBy>
<createdTime>2022-02-09 04:06:13 UTC</createdTime>
<ownerDesignName>G2_TF_E22A</ownerDesignName>
<importedID>221C4C68-37A6-E238-FEA9-DF29C48BF029</importedID>
<engineerTo>
<item key="B46B0E09-DC3F-ACA6-B445-D83A2AC6A172" value="true"/>
<item key="B9B736CC-ED98-F109-8330-E394C7F372BB" value="true"/>
</engineerTo>
<adequatelyNormalized>NO</adequatelyNormalized>
<expectedVolumes>0</expectedVolumes>
<fwdEngineeringStrategyName>Single Table</fwdEngineeringStrategyName>
<growthPercent>0</growthPercent>
<growthType>Year</growthType>
<hierarchicalParent>DA7504E1-A6CF-7D88-81E6-C967A759C481</hierarchicalParent>
<maxVolumes>9999999</maxVolumes>
<minVolumes>0</minVolumes>
<normalForm>Third</normalForm>
<attributes itemClass="oracle.dbtools.crest.model.design.logical.Attribute">
<Attribute name="Qt_AñosExperienciaMaestro" id="CD699C5A-C01B-7545-E050-7580AC245E91">
<createdBy>Intel</createdBy>
<createdTime>2022-02-09 04:06:13 UTC</createdTime>
<ownerDesignName>G2_TF_E22A</ownerDesignName>
<importedID>C3E230EB-F922-6312-EFB3-DCAABD36EA78</importedID>
<engineerTo>
<item key="B46B0E09-DC3F-ACA6-B445-D83A2AC6A172" value="true"/>
<item key="B9B736CC-ED98-F109-8330-E394C7F372BB" value="true"/>
</engineerTo>
<nullsAllowed>true</nullsAllowed>
<useDomainConstraints>false</useDomainConstraints>
<use>1</use>
<logicalDatatype>LOGDT019</logicalDatatype>
<ownDataTypeParameters>,,</ownDataTypeParameters>
</Attribute>
</attributes>
</Entity>