<?xml version = '1.0' encoding = 'UTF-8'?>
<Entity class="oracle.dbtools.crest.model.design.logical.Entity" directorySegmentName="seg_0" id="E2399238-BE01-C47D-3A21-89D5D1CBA104" name="INFORME POR SERVICIO">
<createdBy>Intel</createdBy>
<createdTime>2022-02-09 04:06:13 UTC</createdTime>
<ownerDesignName>G2_TF_E22A</ownerDesignName>
<importedID>B3AD2104-F3BF-2C29-3F9D-2454AD8A9F78</importedID>
<engineerTo>
<item key="B46B0E09-DC3F-ACA6-B445-D83A2AC6A172" value="true"/>
<item key="B9B736CC-ED98-F109-8330-E394C7F372BB" value="true"/>
</engineerTo>
<adequatelyNormalized>NO</adequatelyNormalized>
<expectedVolumes>0</expectedVolumes>
<fwdEngineeringStrategyName>Single Table</fwdEngineeringStrategyName>
<growthPercent>0</growthPercent>
<growthType>Year</growthType>
<maxVolumes>9999999</maxVolumes>
<minVolumes>0</minVolumes>
<normalForm>Third</normalForm>
<attributes itemClass="oracle.dbtools.crest.model.design.logical.Attribute">
<Attribute name="Co_Solicitud" id="F70E4C7B-A72F-0387-967A-42FBEEDE1827">
<createdBy>yvasquez</createdBy>
<createdTime>2022-02-14 01:44:36 UTC</createdTime>
<generatorID>790493AA-E076-E0BF-D684-3F394E54C4FA</generatorID>
<ownerDesignName>G2_TF_E22A</ownerDesignName>
<engineerTo>
<item key="B46B0E09-DC3F-ACA6-B445-D83A2AC6A172" value="true"/>
<item key="B9B736CC-ED98-F109-8330-E394C7F372BB" value="true"/>
</engineerTo>
<referedAttribute>6B3A22CC-3499-2023-6712-571D354D2D37</referedAttribute>
<useDomainConstraints>false</useDomainConstraints>
<use>1</use>
<logicalDatatype>LOGDT019</logicalDatatype>
<ownDataTypeParameters>,,</ownDataTypeParameters>
</Attribute>
<Attribute name="Co_Servicio" id="073C6122-EBA0-AE35-4F1C-EED9A360800C">
<createdBy>yvasquez</createdBy>
<createdTime>2022-02-14 01:44:36 UTC</createdTime>
<generatorID>790493AA-E076-E0BF-D684-3F394E54C4FA</generatorID>
<ownerDesignName>G2_TF_E22A</ownerDesignName>
<engineerTo>
<item key="B46B0E09-DC3F-ACA6-B445-D83A2AC6A172" value="true"/>
<item key="B9B736CC-ED98-F109-8330-E394C7F372BB" value="true"/>
</engineerTo>
<referedAttribute>A6B3A2FE-E101-D3CA-6860-B5A3D3BFFDC2</referedAttribute>
<useDomainConstraints>false</useDomainConstraints>
<use>1</use>
<logicalDatatype>LOGDT024</logicalDatatype>
<ownDataTypeParameters>,,</ownDataTypeParameters>
</Attribute>
<Attribute name="Co_Maestro" id="3B712D98-E4B6-CB11-FCE6-AAD1AF7F56C6">
<createdBy>yvasquez</createdBy>
<createdTime>2022-02-14 01:44:36 UTC</createdTime>
<generatorID>790493AA-E076-E0BF-D684-3F394E54C4FA</generatorID>
<ownerDesignName>G2_TF_E22A</ownerDesignName>
<engineerTo>
<item key="B46B0E09-DC3F-ACA6-B445-D83A2AC6A172" value="true"/>
<item key="B9B736CC-ED98-F109-8330-E394C7F372BB" value="true"/>
</engineerTo>
<referedAttribute>4B77BC8A-6EA8-B315-8BCD-A34037DC581F</referedAttribute>
<useDomainConstraints>false</useDomainConstraints>
<use>1</use>
<logicalDatatype>LOGDT019</logicalDatatype>
<ownDataTypeParameters>,,</ownDataTypeParameters>
</Attribute>
<Attribute name="Co_Tarea" id="E4C6639B-70D5-C106-76CF-670F285531D1">
<createdBy>yvasquez</createdBy>
<createdTime>2022-02-14 01:45:30 UTC</createdTime>
<generatorID>7BE1AFF7-6B81-3C4F-7B41-BFD9F394A8B6</generatorID>
<ownerDesignName>G2_TF_E22A</ownerDesignName>
<engineerTo>
<item key="B46B0E09-DC3F-ACA6-B445-D83A2AC6A172" value="true"/>
<item key="B9B736CC-ED98-F109-8330-E394C7F372BB" value="true"/>
</engineerTo>
<referedAttribute>D8FE9F62-5CCE-AAD3-6E70-CACEF491BB8E</referedAttribute>
<useDomainConstraints>false</useDomainConstraints>
<use>1</use>
<logicalDatatype>LOGDT019</logicalDatatype>
<ownDataTypeParameters>,,</ownDataTypeParameters>
</Attribute>
<Attribute name="Tx_Descripcion_Tarea" id="667F373D-F1BB-09E2-5663-53CDCA5F02B8">
<createdBy>Usuario</createdBy>
<createdTime>2022-02-11 20:00:30 UTC</createdTime>
<ownerDesignName>G2_TF_E22A</ownerDesignName>
<engineerTo>
<item key="B46B0E09-DC3F-ACA6-B445-D83A2AC6A172" value="true"/>
<item key="B9B736CC-ED98-F109-8330-E394C7F372BB" value="true"/>
</engineerTo>
<nullsAllowed>true</nullsAllowed>
<useDomainConstraints>false</useDomainConstraints>
<use>1</use>
<logicalDatatype>LOGDT024</logicalDatatype>
<ownDataTypeParameters>,,</ownDataTypeParameters>
</Attribute>
<Attribute name="Qt_TiempoTarea" id="CD77BAFE-74FE-6C6E-05F5-36052FC2B518">
<createdBy>Intel</createdBy>
<createdTime>2022-02-09 04:06:13 UTC</createdTime>
<ownerDesignName>G2_TF_E22A</ownerDesignName>
<importedID>EDEC62AE-EE53-7BD9-6FCB-658A26B6A065</importedID>
<engineerTo>
<item key="B46B0E09-DC3F-ACA6-B445-D83A2AC6A172" value="true"/>
<item key="B9B736CC-ED98-F109-8330-E394C7F372BB" value="true"/>
</engineerTo>
<nullsAllowed>true</nullsAllowed>
<useDomainConstraints>false</useDomainConstraints>
<use>1</use>
<logicalDatatype>LOGDT019</logicalDatatype>
<ownDataTypeParameters>,,</ownDataTypeParameters>
</Attribute>
</attributes>
<identifiers itemClass="oracle.dbtools.crest.model.design.logical.CandidateKey">
<identifier id="E9A0973D-D3A2-D7F5-BC91-96C6D853AB83" name="TIEMPO DE TAREA POR SOLICITUD PK">
<createdBy>Intel</createdBy>
<createdTime>2022-02-09 04:06:13 UTC</createdTime>
<ownerDesignName>G2_TF_E22A</ownerDesignName>
<importedID>012C3374-4404-EB9D-C15C-BF5BE3373792</importedID>
<engineerTo>
<item key="B46B0E09-DC3F-ACA6-B445-D83A2AC6A172" value="true"/>
<item key="B9B736CC-ED98-F109-8330-E394C7F372BB" value="true"/>
</engineerTo>
<pk>true</pk>
<usedAttributes>
<attributeRef>F70E4C7B-A72F-0387-967A-42FBEEDE1827</attributeRef>
<attributeRef>073C6122-EBA0-AE35-4F1C-EED9A360800C</attributeRef>
<attributeRef>3B712D98-E4B6-CB11-FCE6-AAD1AF7F56C6</attributeRef>
<attributeRef>E4C6639B-70D5-C106-76CF-670F285531D1</attributeRef>
</usedAttributes>
</identifier>
</identifiers>
</Entity>