<?xml version = '1.0' encoding = 'UTF-8'?>
<Entity class="oracle.dbtools.crest.model.design.logical.Entity" directorySegmentName="seg_0" id="003B4A6F-BB17-BCC0-933E-AB6D235C0FB2" name="Avistamiento">
<createdBy>rosan</createdBy>
<createdTime>2021-11-10 01:34:07 UTC</createdTime>
<ownerDesignName>Aves</ownerDesignName>
<engineerTo>
<item key="B9C2DF09-A229-DA87-35AE-72F940E47E9B" value="true"/>
</engineerTo>
<adequatelyNormalized>NO</adequatelyNormalized>
<expectedVolumes>0</expectedVolumes>
<fwdEngineeringStrategyName>Single Table</fwdEngineeringStrategyName>
<growthPercent>0</growthPercent>
<growthType>Year</growthType>
<maxVolumes>9999999</maxVolumes>
<minVolumes>0</minVolumes>
<normalForm>Third</normalForm>
<attributes itemClass="oracle.dbtools.crest.model.design.logical.Attribute">
<Attribute name="NoCientifico" id="C1662BF4-1334-5C2B-F6F3-75B953907045">
<createdBy>rosan</createdBy>
<createdTime>2021-11-10 01:35:51 UTC</createdTime>
<generatorID>6E52F304-301D-8AA9-7FEB-FD3625A7F5C9</generatorID>
<ownerDesignName>Aves</ownerDesignName>
<engineerTo>
<item key="B9C2DF09-A229-DA87-35AE-72F940E47E9B" value="true"/>
</engineerTo>
<referedAttribute>E9F6EAE4-66C9-1751-7BBC-4AF2E0BD6792</referedAttribute>
<use>0</use>
<ownDataTypeParameters>,,</ownDataTypeParameters>
</Attribute>
<Attribute name="CoObservador" id="ED02B8DB-7F17-2FDC-BDB2-9FB5801B8991">
<createdBy>rosan</createdBy>
<createdTime>2021-11-10 01:35:57 UTC</createdTime>
<generatorID>3CADD7DA-4159-E24A-67D0-C208FE7A8C31</generatorID>
<ownerDesignName>Aves</ownerDesignName>
<engineerTo>
<item key="B9C2DF09-A229-DA87-35AE-72F940E47E9B" value="true"/>
</engineerTo>
<referedAttribute>F5D14418-BC50-0CF5-41B9-CC64EA224F23</referedAttribute>
<use>0</use>
<ownDataTypeParameters>,,</ownDataTypeParameters>
</Attribute>
<Attribute name="FeAvisamiento" id="F91B9CE1-6EB9-5527-2D18-38A470F4CB7F">
<createdBy>rosan</createdBy>
<createdTime>2021-11-10 01:39:03 UTC</createdTime>
<ownerDesignName>Aves</ownerDesignName>
<engineerTo>
<item key="B9C2DF09-A229-DA87-35AE-72F940E47E9B" value="true"/>
</engineerTo>
<use>0</use>
<ownDataTypeParameters>,,</ownDataTypeParameters>
</Attribute>
</attributes>
<identifiers itemClass="oracle.dbtools.crest.model.design.logical.CandidateKey">
<identifier id="121AAC25-8834-39E6-5F20-C22B21D76069" name="Avistamiento PK">
<createdBy>rosan</createdBy>
<createdTime>2021-11-10 01:35:51 UTC</createdTime>
<ownerDesignName>Aves</ownerDesignName>
<engineerTo>
<item key="B9C2DF09-A229-DA87-35AE-72F940E47E9B" value="true"/>
</engineerTo>
<pk>true</pk>
<usedAttributes>
<attributeRef>C1662BF4-1334-5C2B-F6F3-75B953907045</attributeRef>
<attributeRef>ED02B8DB-7F17-2FDC-BDB2-9FB5801B8991</attributeRef>
<attributeRef>F91B9CE1-6EB9-5527-2D18-38A470F4CB7F</attributeRef>
</usedAttributes>
</identifier>
</identifiers>
</Entity>