<?xml version = '1.0' encoding = 'UTF-8'?>
<Entity class="oracle.dbtools.crest.model.design.logical.Entity" directorySegmentName="seg_0" id="1C274205-5B6F-BBD1-0836-81978F8AFA87" name="Zona">
<createdBy>rosan</createdBy>
<createdTime>2021-11-10 01:21:29 UTC</createdTime>
<ownerDesignName>Aves</ownerDesignName>
<engineerTo>
<item key="B9C2DF09-A229-DA87-35AE-72F940E47E9B" value="true"/>
</engineerTo>
<adequatelyNormalized>NO</adequatelyNormalized>
<expectedVolumes>0</expectedVolumes>
<fwdEngineeringStrategyName>Single Table</fwdEngineeringStrategyName>
<growthPercent>0</growthPercent>
<growthType>Year</growthType>
<maxVolumes>9999999</maxVolumes>
<minVolumes>0</minVolumes>
<normalForm>Third</normalForm>
<attributes itemClass="oracle.dbtools.crest.model.design.logical.Attribute">
<Attribute name="CoZona" id="26A2166F-6CFC-DF38-1DB6-23DAC10FA1D4">
<createdBy>rosan</createdBy>
<createdTime>2021-11-10 01:21:38 UTC</createdTime>
<ownerDesignName>Aves</ownerDesignName>
<engineerTo>
<item key="B9C2DF09-A229-DA87-35AE-72F940E47E9B" value="true"/>
</engineerTo>
<use>0</use>
<ownDataTypeParameters>,,</ownDataTypeParameters>
</Attribute>
<Attribute name="NoZona" id="3DDA65B5-0C4F-C89A-A8B7-AFF80C5A1DE5">
<createdBy>rosan</createdBy>
<createdTime>2021-11-10 01:21:42 UTC</createdTime>
<ownerDesignName>Aves</ownerDesignName>
<engineerTo>
<item key="B9C2DF09-A229-DA87-35AE-72F940E47E9B" value="true"/>
</engineerTo>
<use>0</use>
<ownDataTypeParameters>,,</ownDataTypeParameters>
</Attribute>
<Attribute name="NoProvincia" id="5394C515-E6CB-785F-AE36-AA419FC2EBC8">
<createdBy>rosan</createdBy>
<createdTime>2021-11-10 01:21:46 UTC</createdTime>
<ownerDesignName>Aves</ownerDesignName>
<engineerTo>
<item key="B9C2DF09-A229-DA87-35AE-72F940E47E9B" value="true"/>
</engineerTo>
<use>0</use>
<ownDataTypeParameters>,,</ownDataTypeParameters>
</Attribute>
<Attribute name="NoTipo" id="155A9219-7EFB-BD88-8D0B-4A35716CCDA9">
<createdBy>rosan</createdBy>
<createdTime>2021-11-10 01:21:50 UTC</createdTime>
<ownerDesignName>Aves</ownerDesignName>
<engineerTo>
<item key="B9C2DF09-A229-DA87-35AE-72F940E47E9B" value="true"/>
</engineerTo>
<use>0</use>
<ownDataTypeParameters>,,</ownDataTypeParameters>
</Attribute>
</attributes>
<identifiers itemClass="oracle.dbtools.crest.model.design.logical.CandidateKey">
<identifier id="7EB8F6D1-88F0-E48E-64AB-64F6488F9C9C" name="Zona PK">
<createdBy>rosan</createdBy>
<createdTime>2021-11-10 01:21:54 UTC</createdTime>
<ownerDesignName>Aves</ownerDesignName>
<engineerTo>
<item key="B9C2DF09-A229-DA87-35AE-72F940E47E9B" value="true"/>
</engineerTo>
<pk>true</pk>
<usedAttributes>
<attributeRef>26A2166F-6CFC-DF38-1DB6-23DAC10FA1D4</attributeRef>
</usedAttributes>
</identifier>
</identifiers>
</Entity>