<?xml version = '1.0' encoding = 'UTF-8'?>
<Entity class="oracle.dbtools.crest.model.design.logical.Entity" directorySegmentName="seg_0" id="3414514B-13EE-973A-612D-73F9CE8D5FA2" name="Grupo_Ornitologico">
<createdBy>rosan</createdBy>
<createdTime>2021-11-10 00:40:38 UTC</createdTime>
<ownerDesignName>Aves</ownerDesignName>
<engineerTo>
<item key="B9C2DF09-A229-DA87-35AE-72F940E47E9B" value="true"/>
</engineerTo>
<adequatelyNormalized>NO</adequatelyNormalized>
<expectedVolumes>0</expectedVolumes>
<fwdEngineeringStrategyName>Single Table</fwdEngineeringStrategyName>
<growthPercent>0</growthPercent>
<growthType>Year</growthType>
<maxVolumes>9999999</maxVolumes>
<minVolumes>0</minVolumes>
<normalForm>Third</normalForm>
<attributes itemClass="oracle.dbtools.crest.model.design.logical.Attribute">
<Attribute name="CoGrupo" id="18C39A90-6284-2349-8AB1-1616FC9B5A7C">
<createdBy>rosan</createdBy>
<createdTime>2021-11-10 00:40:38 UTC</createdTime>
<ownerDesignName>Aves</ownerDesignName>
<engineerTo>
<item key="B9C2DF09-A229-DA87-35AE-72F940E47E9B" value="true"/>
</engineerTo>
<use>0</use>
<ownDataTypeParameters>,,</ownDataTypeParameters>
</Attribute>
<Attribute name="NoGrupo" id="546187E3-676A-90C7-92BB-DB469490FD70">
<createdBy>rosan</createdBy>
<createdTime>2021-11-10 00:40:38 UTC</createdTime>
<ownerDesignName>Aves</ownerDesignName>
<engineerTo>
<item key="B9C2DF09-A229-DA87-35AE-72F940E47E9B" value="true"/>
</engineerTo>
<use>0</use>
<ownDataTypeParameters>,,</ownDataTypeParameters>
</Attribute>
<Attribute name="TxPatas" id="E9607E3E-661F-6EEF-2A4A-87952316E2BB">
<createdBy>rosan</createdBy>
<createdTime>2021-11-10 00:40:38 UTC</createdTime>
<ownerDesignName>Aves</ownerDesignName>
<engineerTo>
<item key="B9C2DF09-A229-DA87-35AE-72F940E47E9B" value="true"/>
</engineerTo>
<use>0</use>
<ownDataTypeParameters>,,</ownDataTypeParameters>
</Attribute>
<Attribute name="TxPico" id="652E7DAD-6040-BD8F-1944-55D4B7C847E6">
<createdBy>rosan</createdBy>
<createdTime>2021-11-10 00:40:38 UTC</createdTime>
<ownerDesignName>Aves</ownerDesignName>
<engineerTo>
<item key="B9C2DF09-A229-DA87-35AE-72F940E47E9B" value="true"/>
</engineerTo>
<use>0</use>
<ownDataTypeParameters>,,</ownDataTypeParameters>
</Attribute>
<Attribute name="TxDedos" id="733C8628-F157-DE6F-1BED-D5AADE471ACF">
<createdBy>rosan</createdBy>
<createdTime>2021-11-10 00:40:38 UTC</createdTime>
<ownerDesignName>Aves</ownerDesignName>
<engineerTo>
<item key="B9C2DF09-A229-DA87-35AE-72F940E47E9B" value="true"/>
</engineerTo>
<use>0</use>
<ownDataTypeParameters>,,</ownDataTypeParameters>
</Attribute>
</attributes>
<identifiers itemClass="oracle.dbtools.crest.model.design.logical.CandidateKey">
<identifier id="B2D4B145-3B2D-C189-4DC2-3DB6608B2CA1" name="Grupo_Ornitologico PK">
<createdBy>rosan</createdBy>
<createdTime>2021-11-10 00:40:38 UTC</createdTime>
<ownerDesignName>Aves</ownerDesignName>
<engineerTo>
<item key="B9C2DF09-A229-DA87-35AE-72F940E47E9B" value="true"/>
</engineerTo>
<pk>true</pk>
<usedAttributes>
<attributeRef>18C39A90-6284-2349-8AB1-1616FC9B5A7C</attributeRef>
</usedAttributes>
</identifier>
</identifiers>
</Entity>