<?xml version = '1.0' encoding = 'UTF-8'?>
<Entity class="oracle.dbtools.crest.model.design.logical.Entity" directorySegmentName="seg_0" id="3B5D96FE-871D-CA2B-1EDB-F6A495B7995B" name="Especie">
<createdBy>rosan</createdBy>
<createdTime>2021-11-10 00:40:38 UTC</createdTime>
<ownerDesignName>Aves</ownerDesignName>
<engineerTo>
<item key="B9C2DF09-A229-DA87-35AE-72F940E47E9B" value="true"/>
</engineerTo>
<adequatelyNormalized>NO</adequatelyNormalized>
<expectedVolumes>0</expectedVolumes>
<fwdEngineeringStrategyName>Single Table</fwdEngineeringStrategyName>
<growthPercent>0</growthPercent>
<growthType>Year</growthType>
<maxVolumes>9999999</maxVolumes>
<minVolumes>0</minVolumes>
<normalForm>Third</normalForm>
<attributes itemClass="oracle.dbtools.crest.model.design.logical.Attribute">
<Attribute name="NoCientifico" id="E9F6EAE4-66C9-1751-7BBC-4AF2E0BD6792">
<createdBy>rosan</createdBy>
<createdTime>2021-11-10 00:40:38 UTC</createdTime>
<ownerDesignName>Aves</ownerDesignName>
<engineerTo>
<item key="B9C2DF09-A229-DA87-35AE-72F940E47E9B" value="true"/>
</engineerTo>
<use>0</use>
<ownDataTypeParameters>,,</ownDataTypeParameters>
</Attribute>
<Attribute name="NoVulgar" id="A97187AE-1091-0861-3FCE-69DFF7F194A1">
<createdBy>rosan</createdBy>
<createdTime>2021-11-10 00:40:38 UTC</createdTime>
<ownerDesignName>Aves</ownerDesignName>
<engineerTo>
<item key="B9C2DF09-A229-DA87-35AE-72F940E47E9B" value="true"/>
</engineerTo>
<use>0</use>
<ownDataTypeParameters>,,</ownDataTypeParameters>
</Attribute>
<Attribute name="TxDescripcion" id="4383C99B-FE36-CCAA-1A35-165AEF19C24F">
<createdBy>rosan</createdBy>
<createdTime>2021-11-10 00:40:38 UTC</createdTime>
<ownerDesignName>Aves</ownerDesignName>
<engineerTo>
<item key="B9C2DF09-A229-DA87-35AE-72F940E47E9B" value="true"/>
</engineerTo>
<nullsAllowed>true</nullsAllowed>
<use>0</use>
<ownDataTypeParameters>,,</ownDataTypeParameters>
</Attribute>
<Attribute name="CoGrupo" id="5942575C-F2A8-8C44-5E60-F75632EDBF7F">
<createdBy>rosan</createdBy>
<createdTime>2021-11-10 00:40:51 UTC</createdTime>
<generatorID>91F8069C-D407-9C68-B150-EB0A2BA07C2F</generatorID>
<ownerDesignName>Aves</ownerDesignName>
<engineerTo>
<item key="B9C2DF09-A229-DA87-35AE-72F940E47E9B" value="true"/>
</engineerTo>
<referedAttribute>18C39A90-6284-2349-8AB1-1616FC9B5A7C</referedAttribute>
<use>0</use>
<ownDataTypeParameters>,,</ownDataTypeParameters>
</Attribute>
</attributes>
<identifiers itemClass="oracle.dbtools.crest.model.design.logical.CandidateKey">
<identifier id="82ED0998-E601-2CD9-1D4C-98B55680C5F4" name="Especie PK">
<createdBy>rosan</createdBy>
<createdTime>2021-11-10 00:40:38 UTC</createdTime>
<ownerDesignName>Aves</ownerDesignName>
<engineerTo>
<item key="B9C2DF09-A229-DA87-35AE-72F940E47E9B" value="true"/>
</engineerTo>
<pk>true</pk>
<usedAttributes>
<attributeRef>E9F6EAE4-66C9-1751-7BBC-4AF2E0BD6792</attributeRef>
</usedAttributes>
</identifier>
</identifiers>
</Entity>