<?xml version = '1.0' encoding = 'UTF-8'?>
<Entity class="oracle.dbtools.crest.model.design.logical.Entity" directorySegmentName="seg_0" id="52E3DA30-C6C9-8562-E97B-AFFBA26484EF" name="Asociacion_Ornitologica">
<createdBy>rosan</createdBy>
<createdTime>2021-11-10 01:11:42 UTC</createdTime>
<ownerDesignName>Aves</ownerDesignName>
<engineerTo>
<item key="B9C2DF09-A229-DA87-35AE-72F940E47E9B" value="true"/>
</engineerTo>
<adequatelyNormalized>NO</adequatelyNormalized>
<expectedVolumes>0</expectedVolumes>
<fwdEngineeringStrategyName>Single Table</fwdEngineeringStrategyName>
<growthPercent>0</growthPercent>
<growthType>Year</growthType>
<maxVolumes>9999999</maxVolumes>
<minVolumes>0</minVolumes>
<normalForm>Third</normalForm>
<attributes itemClass="oracle.dbtools.crest.model.design.logical.Attribute">
<Attribute name="CoAsociacion" id="FBF35D1A-6670-FE4D-E08A-BA6E9B5EED23">
<createdBy>rosan</createdBy>
<createdTime>2021-11-10 01:11:57 UTC</createdTime>
<ownerDesignName>Aves</ownerDesignName>
<engineerTo>
<item key="B9C2DF09-A229-DA87-35AE-72F940E47E9B" value="true"/>
</engineerTo>
<use>0</use>
<ownDataTypeParameters>,,</ownDataTypeParameters>
</Attribute>
<Attribute name="NoAsociacion" id="CA9AB155-BA9E-3329-1428-732B3CF9F7C6">
<createdBy>rosan</createdBy>
<createdTime>2021-11-10 01:12:02 UTC</createdTime>
<ownerDesignName>Aves</ownerDesignName>
<engineerTo>
<item key="B9C2DF09-A229-DA87-35AE-72F940E47E9B" value="true"/>
</engineerTo>
<use>0</use>
<ownDataTypeParameters>,,</ownDataTypeParameters>
</Attribute>
<Attribute name="TxDireccion" id="53F8C555-2863-A62E-C545-D305F90C2EA3">
<createdBy>rosan</createdBy>
<createdTime>2021-11-10 01:12:08 UTC</createdTime>
<ownerDesignName>Aves</ownerDesignName>
<engineerTo>
<item key="B9C2DF09-A229-DA87-35AE-72F940E47E9B" value="true"/>
</engineerTo>
<use>0</use>
<ownDataTypeParameters>,,</ownDataTypeParameters>
</Attribute>
<Attribute name="NuTelefono" id="A9EDB34E-8E17-D9B4-6EA5-0214654D060F">
<createdBy>rosan</createdBy>
<createdTime>2021-11-10 01:12:12 UTC</createdTime>
<ownerDesignName>Aves</ownerDesignName>
<engineerTo>
<item key="B9C2DF09-A229-DA87-35AE-72F940E47E9B" value="true"/>
</engineerTo>
<use>0</use>
<ownDataTypeParameters>,,</ownDataTypeParameters>
</Attribute>
</attributes>
<identifiers itemClass="oracle.dbtools.crest.model.design.logical.CandidateKey">
<identifier id="6A5746FF-FABB-6206-0A08-4D81371527AB" name="Asociacion_Ornitologica PK">
<createdBy>rosan</createdBy>
<createdTime>2021-11-10 01:12:35 UTC</createdTime>
<ownerDesignName>Aves</ownerDesignName>
<engineerTo>
<item key="B9C2DF09-A229-DA87-35AE-72F940E47E9B" value="true"/>
</engineerTo>
<pk>true</pk>
<usedAttributes>
<attributeRef>FBF35D1A-6670-FE4D-E08A-BA6E9B5EED23</attributeRef>
</usedAttributes>
</identifier>
</identifiers>
</Entity>