<?xml version = '1.0' encoding = 'UTF-8'?>
<Entity class="oracle.dbtools.crest.model.design.logical.Entity" directorySegmentName="seg_0" id="891C5907-63FF-3730-5E83-97AA02659535" name="Observador">
<createdBy>rosan</createdBy>
<createdTime>2021-11-10 01:13:48 UTC</createdTime>
<ownerDesignName>Aves</ownerDesignName>
<engineerTo>
<item key="B9C2DF09-A229-DA87-35AE-72F940E47E9B" value="true"/>
</engineerTo>
<adequatelyNormalized>NO</adequatelyNormalized>
<expectedVolumes>0</expectedVolumes>
<fwdEngineeringStrategyName>Single Table</fwdEngineeringStrategyName>
<growthPercent>0</growthPercent>
<growthType>Year</growthType>
<maxVolumes>9999999</maxVolumes>
<minVolumes>0</minVolumes>
<normalForm>Third</normalForm>
<attributes itemClass="oracle.dbtools.crest.model.design.logical.Attribute">
<Attribute name="CoObservador" id="F5D14418-BC50-0CF5-41B9-CC64EA224F23">
<createdBy>rosan</createdBy>
<createdTime>2021-11-10 01:14:31 UTC</createdTime>
<ownerDesignName>Aves</ownerDesignName>
<engineerTo>
<item key="B9C2DF09-A229-DA87-35AE-72F940E47E9B" value="true"/>
</engineerTo>
<use>0</use>
<ownDataTypeParameters>,,</ownDataTypeParameters>
</Attribute>
<Attribute name="NuDNI" id="191CE169-29A8-E0D8-F57A-91394EDD4E6D">
<createdBy>rosan</createdBy>
<createdTime>2021-11-10 01:14:42 UTC</createdTime>
<ownerDesignName>Aves</ownerDesignName>
<engineerTo>
<item key="B9C2DF09-A229-DA87-35AE-72F940E47E9B" value="true"/>
</engineerTo>
<use>0</use>
<ownDataTypeParameters>,,</ownDataTypeParameters>
</Attribute>
<Attribute name="NoObservador" id="CFB8490C-539A-1043-6B2E-266A1757B823">
<createdBy>rosan</createdBy>
<createdTime>2021-11-10 01:14:49 UTC</createdTime>
<ownerDesignName>Aves</ownerDesignName>
<engineerTo>
<item key="B9C2DF09-A229-DA87-35AE-72F940E47E9B" value="true"/>
</engineerTo>
<use>0</use>
<ownDataTypeParameters>,,</ownDataTypeParameters>
</Attribute>
<Attribute name="TxDireccionObservador" id="6F7FED5B-4A40-CA1E-BFCE-A9E867FC934F">
<createdBy>rosan</createdBy>
<createdTime>2021-11-10 01:14:57 UTC</createdTime>
<ownerDesignName>Aves</ownerDesignName>
<engineerTo>
<item key="B9C2DF09-A229-DA87-35AE-72F940E47E9B" value="true"/>
</engineerTo>
<use>0</use>
<ownDataTypeParameters>,,</ownDataTypeParameters>
</Attribute>
<Attribute name="CoAsociacion" id="A4F2DB18-FABE-34D6-9C31-21A8671A30FA">
<createdBy>rosan</createdBy>
<createdTime>2021-11-10 01:17:04 UTC</createdTime>
<generatorID>11B80800-F897-12F8-87B7-79BE3F00C9CD</generatorID>
<ownerDesignName>Aves</ownerDesignName>
<engineerTo>
<item key="B9C2DF09-A229-DA87-35AE-72F940E47E9B" value="true"/>
</engineerTo>
<referedAttribute>FBF35D1A-6670-FE4D-E08A-BA6E9B5EED23</referedAttribute>
<use>0</use>
<ownDataTypeParameters>,,</ownDataTypeParameters>
</Attribute>
<Attribute name="CoZona" id="1DF10C36-3422-9968-ABCF-FDCCA005285D">
<createdBy>rosan</createdBy>
<createdTime>2021-11-10 01:24:26 UTC</createdTime>
<generatorID>520B5724-DFB1-8A94-0594-5A22D6D9AEE5</generatorID>
<ownerDesignName>Aves</ownerDesignName>
<engineerTo>
<item key="B9C2DF09-A229-DA87-35AE-72F940E47E9B" value="true"/>
</engineerTo>
<referedAttribute>26A2166F-6CFC-DF38-1DB6-23DAC10FA1D4</referedAttribute>
<use>0</use>
<ownDataTypeParameters>,,</ownDataTypeParameters>
</Attribute>
<Attribute name="FlEstado" id="4E3007BC-0628-874D-2B0C-34F1A2B3D5C2">
<createdBy>rosan</createdBy>
<createdTime>2021-11-10 01:51:40 UTC</createdTime>
<ownerDesignName>Aves</ownerDesignName>
<engineerTo>
<item key="B9C2DF09-A229-DA87-35AE-72F940E47E9B" value="true"/>
</engineerTo>
<nullsAllowed>true</nullsAllowed>
<use>0</use>
<ownDataTypeParameters>,,</ownDataTypeParameters>
</Attribute>
</attributes>
<identifiers itemClass="oracle.dbtools.crest.model.design.logical.CandidateKey">
<identifier id="8B974302-C87B-5A20-E793-8FEFEAEF9771" name="Observador PK">
<createdBy>rosan</createdBy>
<createdTime>2021-11-10 01:15:06 UTC</createdTime>
<ownerDesignName>Aves</ownerDesignName>
<engineerTo>
<item key="B9C2DF09-A229-DA87-35AE-72F940E47E9B" value="true"/>
</engineerTo>
<pk>true</pk>
<usedAttributes>
<attributeRef>F5D14418-BC50-0CF5-41B9-CC64EA224F23</attributeRef>
</usedAttributes>
</identifier>
</identifiers>
</Entity>