<?xml version = '1.0' encoding = 'UTF-8'?>
<Entity class="oracle.dbtools.crest.model.design.logical.Entity" directorySegmentName="seg_0" id="EF172AC4-47CB-0F7E-02FB-084BEF6EA6E1" name="Grupo_Ornitologicov1">
<createdBy>rosan</createdBy>
<createdTime>2021-11-10 01:36:37 UTC</createdTime>
<ownerDesignName>Aves</ownerDesignName>
<engineerTo>
<item key="B9C2DF09-A229-DA87-35AE-72F940E47E9B" value="true"/>
</engineerTo>
<adequatelyNormalized>NO</adequatelyNormalized>
<expectedVolumes>0</expectedVolumes>
<fwdEngineeringStrategyName>Single Table</fwdEngineeringStrategyName>
<growthPercent>0</growthPercent>
<growthType>Year</growthType>
<maxVolumes>9999999</maxVolumes>
<minVolumes>0</minVolumes>
<normalForm>Third</normalForm>
</Entity>