<?xml version = '1.0' encoding = 'UTF-8'?>
<Relation class="oracle.dbtools.crest.model.design.logical.Relation" name="Relation_7" directorySegmentName="seg_0" id="1E1EB5CC-3611-4EC4-1EE3-3318B116DA00">
<createdBy>rosan</createdBy>
<createdTime>2021-11-10 03:26:39 UTC</createdTime>
<ownerDesignName>Herencia</ownerDesignName>
<engineerTo>
<item key="4760C9C9-FF02-D97A-0B73-0D86A5848410" value="true"/>
</engineerTo>
<sourcePk>A78B37E9-369F-8A49-82A5-F8EFE7C5190E</sourcePk>
<identifying>false</identifying>
<optionalSource>true</optionalSource>
<optionalTarget>false</optionalTarget>
<sourceCardinality>1</sourceCardinality>
<sourceEntity>D1D74EBF-813B-F5AB-5C0F-BD31ADC16AFA</sourceEntity>
<targetCardinalityString>*</targetCardinalityString>
<targetEntity>A7A0EE1B-A23D-3E68-035B-EAFD6FEEDA43</targetEntity>
<transferable>true</transferable>
<deleteRule>NO ACTION</deleteRule>
</Relation>