<?xml version = '1.0' encoding = 'UTF-8'?>
<Relation class="oracle.dbtools.crest.model.design.logical.Relation" name="Relation_2" directorySegmentName="seg_0" id="29B96298-24E5-242B-56A1-C2C8950D7B12">
<createdBy>rosan</createdBy>
<createdTime>2021-11-10 03:20:45 UTC</createdTime>
<ownerDesignName>Herencia</ownerDesignName>
<engineerTo>
<item key="4760C9C9-FF02-D97A-0B73-0D86A5848410" value="true"/>
</engineerTo>
<sourcePk>21420D56-0DC2-6F1C-174A-56E459201E5A</sourcePk>
<identifying>false</identifying>
<optionalSource>true</optionalSource>
<optionalTarget>true</optionalTarget>
<sourceCardinality>1</sourceCardinality>
<sourceEntity>A7A0EE1B-A23D-3E68-035B-EAFD6FEEDA43</sourceEntity>
<targetCardinalityString>*</targetCardinalityString>
<targetEntity>90C817E1-157B-CC35-5DC4-E0C6793CAA54</targetEntity>
<transferable>true</transferable>
<deleteRule>NO ACTION</deleteRule>
</Relation>