<?xml version = '1.0' encoding = 'UTF-8'?>
<Relation class="oracle.dbtools.crest.model.design.logical.Relation" name="Relation_3" directorySegmentName="seg_0" id="4AEDAD25-DE90-EB43-0CBB-E68728D09C09">
<createdBy>rosan</createdBy>
<createdTime>2021-11-10 03:22:23 UTC</createdTime>
<ownerDesignName>Herencia</ownerDesignName>
<engineerTo>
<item key="4760C9C9-FF02-D97A-0B73-0D86A5848410" value="true"/>
</engineerTo>
<sourcePk>B81051D6-3D55-CCA9-605D-6CDE16368457</sourcePk>
<identifying>false</identifying>
<optionalSource>true</optionalSource>
<optionalTarget>false</optionalTarget>
<sourceCardinality>1</sourceCardinality>
<sourceEntity>FF704415-2ED6-E960-1964-AE9DDBB75886</sourceEntity>
<targetCardinalityString>*</targetCardinalityString>
<targetEntity>B48C439B-3E89-62EA-1781-15B0735EC6E8</targetEntity>
<transferable>true</transferable>
<deleteRule>NO ACTION</deleteRule>
</Relation>