<?xml version = '1.0' encoding = 'UTF-8'?>
<Relation class="oracle.dbtools.crest.model.design.logical.Relation" name="Relation_8" directorySegmentName="seg_0" id="54B99FC1-6E39-5549-4265-9165B53207F3">
<createdBy>rosan</createdBy>
<createdTime>2021-11-10 03:26:53 UTC</createdTime>
<ownerDesignName>Herencia</ownerDesignName>
<engineerTo>
<item key="4760C9C9-FF02-D97A-0B73-0D86A5848410" value="true"/>
</engineerTo>
<sourcePk>458AE2AF-B3B4-F39A-8D06-22CC76830C1B</sourcePk>
<identifying>false</identifying>
<optionalSource>true</optionalSource>
<optionalTarget>true</optionalTarget>
<sourceCardinality>1</sourceCardinality>
<sourceEntity>879AD542-63E6-C09F-2AE2-EF637DA18574</sourceEntity>
<targetCardinalityString>*</targetCardinalityString>
<targetEntity>45C9CD59-8B86-C779-E0E6-CF308EAA4405</targetEntity>
<transferable>true</transferable>
<deleteRule>NO ACTION</deleteRule>
</Relation>