<?xml version = '1.0' encoding = 'UTF-8'?>
<Relation class="oracle.dbtools.crest.model.design.logical.Relation" name="Relation_1" directorySegmentName="seg_0" id="5D755699-60AA-1AD6-87E5-67A56E2840EC">
<createdBy>rosan</createdBy>
<createdTime>2021-11-10 03:20:41 UTC</createdTime>
<ownerDesignName>Herencia</ownerDesignName>
<engineerTo>
<item key="4760C9C9-FF02-D97A-0B73-0D86A5848410" value="true"/>
</engineerTo>
<sourcePk>A5EE7BB4-D49C-C4DC-9564-800A074A4D8A</sourcePk>
<identifying>false</identifying>
<optionalSource>true</optionalSource>
<optionalTarget>true</optionalTarget>
<sourceCardinality>1</sourceCardinality>
<sourceEntity>B48C439B-3E89-62EA-1781-15B0735EC6E8</sourceEntity>
<targetCardinalityString>*</targetCardinalityString>
<targetEntity>90C817E1-157B-CC35-5DC4-E0C6793CAA54</targetEntity>
<transferable>true</transferable>
<deleteRule>NO ACTION</deleteRule>
</Relation>