<?xml version = '1.0' encoding = 'UTF-8'?>
<Relation class="oracle.dbtools.crest.model.design.logical.Relation" name="Relation_10" directorySegmentName="seg_0" id="5FAE7D5A-DCB8-9BC2-2083-0DC2EF833830">
<createdBy>rosan</createdBy>
<createdTime>2021-11-10 03:33:55 UTC</createdTime>
<ownerDesignName>Herencia</ownerDesignName>
<engineerTo>
<item key="4760C9C9-FF02-D97A-0B73-0D86A5848410" value="true"/>
</engineerTo>
<sourcePk>0B6C807E-A2E2-FB8A-999A-45B92A04CB40</sourcePk>
<identifying>false</identifying>
<optionalSource>true</optionalSource>
<optionalTarget>false</optionalTarget>
<sourceCardinality>1</sourceCardinality>
<sourceEntity>5E58A6B3-0DD3-4B64-2206-BDCE4570AE90</sourceEntity>
<targetCardinalityString>*</targetCardinalityString>
<targetEntity>26530E2C-3B26-80AF-9E0F-CD9AD0FF0CC8</targetEntity>
<transferable>true</transferable>
<deleteRule>NO ACTION</deleteRule>
</Relation>