<?xml version = '1.0' encoding = 'UTF-8'?>
<Relation class="oracle.dbtools.crest.model.design.logical.Relation" name="Relation_11" directorySegmentName="seg_0" id="72C70391-240E-EE88-DE9C-F1D1B9BDE5BD">
<createdBy>rosan</createdBy>
<createdTime>2021-11-10 03:34:27 UTC</createdTime>
<ownerDesignName>Herencia</ownerDesignName>
<engineerTo>
<item key="4760C9C9-FF02-D97A-0B73-0D86A5848410" value="true"/>
</engineerTo>
<sourcePk>446C22A9-0C9D-01E2-283C-C78E4707BF32</sourcePk>
<identifying>false</identifying>
<optionalSource>true</optionalSource>
<optionalTarget>false</optionalTarget>
<sourceCardinality>1</sourceCardinality>
<sourceEntity>C1F8D3DC-1604-8370-FF42-34B24F188C47</sourceEntity>
<targetCardinalityString>*</targetCardinalityString>
<targetEntity>53CD63BD-F3B9-C613-B72D-2948CD4BCF08</targetEntity>
<transferable>true</transferable>
<deleteRule>NO ACTION</deleteRule>
</Relation>