<?xml version = '1.0' encoding = 'UTF-8'?>
<Relation class="oracle.dbtools.crest.model.design.logical.Relation" name="Relation_9" directorySegmentName="seg_0" id="76525EF8-0FF5-4EED-F4F7-CC8600171D2A">
<createdBy>rosan</createdBy>
<createdTime>2021-11-10 03:33:37 UTC</createdTime>
<ownerDesignName>Herencia</ownerDesignName>
<engineerTo>
<item key="4760C9C9-FF02-D97A-0B73-0D86A5848410" value="true"/>
</engineerTo>
<sourcePk>FA774960-28AF-D54B-4F42-D344250789C8</sourcePk>
<identifying>false</identifying>
<optionalSource>true</optionalSource>
<optionalTarget>false</optionalTarget>
<sourceCardinality>1</sourceCardinality>
<sourceEntity>0320F734-12B8-034A-3743-649CBCFBC6A2</sourceEntity>
<targetCardinalityString>*</targetCardinalityString>
<targetEntity>5E58A6B3-0DD3-4B64-2206-BDCE4570AE90</targetEntity>
<transferable>true</transferable>
<deleteRule>NO ACTION</deleteRule>
</Relation>