<?xml version = '1.0' encoding = 'UTF-8'?>
<Relation class="oracle.dbtools.crest.model.design.logical.Relation" name="Relation_6" directorySegmentName="seg_0" id="E7978C1C-13E7-9958-BB47-41AA249E9DC7">
<createdBy>rosan</createdBy>
<createdTime>2021-11-10 03:25:40 UTC</createdTime>
<ownerDesignName>Herencia</ownerDesignName>
<engineerTo>
<item key="4760C9C9-FF02-D97A-0B73-0D86A5848410" value="true"/>
</engineerTo>
<sourcePk>A05DB5B2-4731-96AE-0466-5D0B54ADE1CA</sourcePk>
<identifying>false</identifying>
<optionalSource>true</optionalSource>
<optionalTarget>false</optionalTarget>
<sourceCardinality>1</sourceCardinality>
<sourceEntity>45C9CD59-8B86-C779-E0E6-CF308EAA4405</sourceEntity>
<targetCardinalityString>*</targetCardinalityString>
<targetEntity>C8237EAF-EF62-7E67-1FDA-C84DC9002DA6</targetEntity>
<transferable>true</transferable>
<deleteRule>NO ACTION</deleteRule>
</Relation>