<?xml version = '1.0' encoding = 'UTF-8'?>
<Relation class="oracle.dbtools.crest.model.design.logical.Relation" name="Relation_5" directorySegmentName="seg_0" id="F9230A3C-A602-AE6B-68F6-F53E4D7CA5B4">
<createdBy>rosan</createdBy>
<createdTime>2021-11-10 03:24:59 UTC</createdTime>
<ownerDesignName>Herencia</ownerDesignName>
<engineerTo>
<item key="4760C9C9-FF02-D97A-0B73-0D86A5848410" value="true"/>
</engineerTo>
<sourcePk>D1ACDB64-75D7-74F2-BC7F-B88C84A6CE81</sourcePk>
<identifying>false</identifying>
<optionalSource>true</optionalSource>
<optionalTarget>false</optionalTarget>
<sourceCardinality>1</sourceCardinality>
<sourceEntity>96C44EA3-9902-248E-EBB1-378F61B8DF3C</sourceEntity>
<targetCardinalityString>*</targetCardinalityString>
<targetEntity>45C9CD59-8B86-C779-E0E6-CF308EAA4405</targetEntity>
<transferable>true</transferable>
<deleteRule>NO ACTION</deleteRule>
</Relation>