<?xml version = '1.0' encoding = 'UTF-8'?>
<FKArc class="oracle.dbtools.crest.model.design.relational.FKArc" directorySegmentName="seg_0" id="0BA3FA07-5B6B-CD35-3341-16597FF94C77" name="FKArc_1">
<createdBy>yvasquez</createdBy>
<createdTime>2022-02-14 01:05:05 UTC</createdTime>
<ownerDesignName>G2_TF_E22A</ownerDesignName>
<mandatory>false</mandatory>
<reverseArc>true</reverseArc>
<table>2AA1E5DC-650E-4C88-4FA2-2FCA1A719131</table>
<fkeys>
<fkeyID>A6285A96-BDDA-A56D-8C1B-1528381CA611</fkeyID>
<fkeyID>4413A31D-453F-098C-FE38-5535EF315DFF</fkeyID>
</fkeys>
</FKArc>