<?xml version = '1.0' encoding = 'UTF-8'?>
<Relation class="oracle.dbtools.crest.model.design.logical.Relation" name="Relation_6" directorySegmentName="seg_0" id="11B80800-F897-12F8-87B7-79BE3F00C9CD">
<createdBy>rosan</createdBy>
<createdTime>2021-11-10 01:17:04 UTC</createdTime>
<ownerDesignName>Aves</ownerDesignName>
<engineerTo>
<item key="B9C2DF09-A229-DA87-35AE-72F940E47E9B" value="true"/>
</engineerTo>
<sourcePk>6A5746FF-FABB-6206-0A08-4D81371527AB</sourcePk>
<identifying>false</identifying>
<optionalSource>false</optionalSource>
<optionalTarget>false</optionalTarget>
<sourceCardinality>1</sourceCardinality>
<sourceEntity>52E3DA30-C6C9-8562-E97B-AFFBA26484EF</sourceEntity>
<targetCardinalityString>*</targetCardinalityString>
<targetEntity>891C5907-63FF-3730-5E83-97AA02659535</targetEntity>
<transferable>true</transferable>
<deleteRule>NO ACTION</deleteRule>
</Relation>