<?xml version = '1.0' encoding = 'UTF-8'?>
<Relation class="oracle.dbtools.crest.model.design.logical.Relation" name="Relation_9" directorySegmentName="seg_0" id="3CADD7DA-4159-E24A-67D0-C208FE7A8C31">
<createdBy>rosan</createdBy>
<createdTime>2021-11-10 01:35:57 UTC</createdTime>
<ownerDesignName>Aves</ownerDesignName>
<engineerTo>
<item key="B9C2DF09-A229-DA87-35AE-72F940E47E9B" value="true"/>
</engineerTo>
<sourcePk>8B974302-C87B-5A20-E793-8FEFEAEF9771</sourcePk>
<identifying>true</identifying>
<optionalSource>true</optionalSource>
<optionalTarget>false</optionalTarget>
<sourceCardinality>1</sourceCardinality>
<sourceEntity>891C5907-63FF-3730-5E83-97AA02659535</sourceEntity>
<targetCardinalityString>*</targetCardinalityString>
<targetEntity>003B4A6F-BB17-BCC0-933E-AB6D235C0FB2</targetEntity>
<transferable>true</transferable>
<deleteRule>NO ACTION</deleteRule>
</Relation>