<?xml version = '1.0' encoding = 'UTF-8'?>
<Relation class="oracle.dbtools.crest.model.design.logical.Relation" name="Relation_7" directorySegmentName="seg_0" id="520B5724-DFB1-8A94-0594-5A22D6D9AEE5">
<createdBy>rosan</createdBy>
<createdTime>2021-11-10 01:24:26 UTC</createdTime>
<ownerDesignName>Aves</ownerDesignName>
<engineerTo>
<item key="B9C2DF09-A229-DA87-35AE-72F940E47E9B" value="true"/>
</engineerTo>
<sourcePk>7EB8F6D1-88F0-E48E-64AB-64F6488F9C9C</sourcePk>
<identifying>false</identifying>
<optionalSource>false</optionalSource>
<optionalTarget>false</optionalTarget>
<sourceCardinality>1</sourceCardinality>
<sourceEntity>1C274205-5B6F-BBD1-0836-81978F8AFA87</sourceEntity>
<targetCardinalityString>*</targetCardinalityString>
<targetEntity>891C5907-63FF-3730-5E83-97AA02659535</targetEntity>
<transferable>true</transferable>
<deleteRule>NO ACTION</deleteRule>
</Relation>