<?xml version = '1.0' encoding = 'UTF-8'?>
<Relation class="oracle.dbtools.crest.model.design.logical.Relation" name="Relation_8" directorySegmentName="seg_0" id="6E52F304-301D-8AA9-7FEB-FD3625A7F5C9">
<createdBy>rosan</createdBy>
<createdTime>2021-11-10 01:35:51 UTC</createdTime>
<ownerDesignName>Aves</ownerDesignName>
<engineerTo>
<item key="B9C2DF09-A229-DA87-35AE-72F940E47E9B" value="true"/>
</engineerTo>
<sourcePk>82ED0998-E601-2CD9-1D4C-98B55680C5F4</sourcePk>
<identifying>true</identifying>
<optionalSource>true</optionalSource>
<optionalTarget>false</optionalTarget>
<sourceCardinality>1</sourceCardinality>
<sourceEntity>3B5D96FE-871D-CA2B-1EDB-F6A495B7995B</sourceEntity>
<targetCardinalityString>*</targetCardinalityString>
<targetEntity>003B4A6F-BB17-BCC0-933E-AB6D235C0FB2</targetEntity>
<transferable>true</transferable>
<deleteRule>NO ACTION</deleteRule>
</Relation>