<?xml version = '1.0' encoding = 'UTF-8'?>
<Relation class="oracle.dbtools.crest.model.design.logical.Relation" name="Relation_4" directorySegmentName="seg_0" id="91F8069C-D407-9C68-B150-EB0A2BA07C2F">
<createdBy>rosan</createdBy>
<createdTime>2021-11-10 00:40:51 UTC</createdTime>
<ownerDesignName>Aves</ownerDesignName>
<engineerTo>
<item key="B9C2DF09-A229-DA87-35AE-72F940E47E9B" value="true"/>
</engineerTo>
<sourcePk>B2D4B145-3B2D-C189-4DC2-3DB6608B2CA1</sourcePk>
<identifying>false</identifying>
<optionalSource>false</optionalSource>
<optionalTarget>false</optionalTarget>
<sourceCardinality>1</sourceCardinality>
<sourceEntity>3414514B-13EE-973A-612D-73F9CE8D5FA2</sourceEntity>
<targetCardinalityString>*</targetCardinalityString>
<targetEntity>3B5D96FE-871D-CA2B-1EDB-F6A495B7995B</targetEntity>
<transferable>true</transferable>
<deleteRule>NO ACTION</deleteRule>
</Relation>