<?xml version = '1.0' encoding = 'UTF-8'?>
<Entity class="oracle.dbtools.crest.model.design.logical.Entity" directorySegmentName="seg_0" id="38D12662-3279-C813-A3BD-FC46F9CCFA16" name="Cuadro">
<createdBy>rosan</createdBy>
<createdTime>2021-11-10 02:46:00 UTC</createdTime>
<ownerDesignName>Pinacoteca</ownerDesignName>
<engineerTo>
<item key="DC4A0FB7-3E46-6861-33C2-705C8F58903A" value="true"/>
</engineerTo>
<adequatelyNormalized>NO</adequatelyNormalized>
<expectedVolumes>0</expectedVolumes>
<fwdEngineeringStrategyName>Single Table</fwdEngineeringStrategyName>
<growthPercent>0</growthPercent>
<growthType>Year</growthType>
<maxVolumes>9999999</maxVolumes>
<minVolumes>0</minVolumes>
<normalForm>Third</normalForm>
<attributes itemClass="oracle.dbtools.crest.model.design.logical.Attribute">
<Attribute name="CoCuadro" id="DA9BD001-A957-2FAB-7495-135F6AF1E24D">
<createdBy>rosan</createdBy>
<createdTime>2021-11-10 02:46:24 UTC</createdTime>
<ownerDesignName>Pinacoteca</ownerDesignName>
<engineerTo>
<item key="DC4A0FB7-3E46-6861-33C2-705C8F58903A" value="true"/>
</engineerTo>
<use>0</use>
<ownDataTypeParameters>,,</ownDataTypeParameters>
</Attribute>
<Attribute name="NoCuadro" id="983874A4-7C44-E041-8965-91DF5BEC99BD">
<createdBy>rosan</createdBy>
<createdTime>2021-11-10 02:46:16 UTC</createdTime>
<ownerDesignName>Pinacoteca</ownerDesignName>
<engineerTo>
<item key="DC4A0FB7-3E46-6861-33C2-705C8F58903A" value="true"/>
</engineerTo>
<use>0</use>
<ownDataTypeParameters>,,</ownDataTypeParameters>
</Attribute>
<Attribute name="QtAncho" id="2D2BE4DF-90FD-D77B-32D1-46B3D630BE48">
<createdBy>rosan</createdBy>
<createdTime>2021-11-10 02:46:33 UTC</createdTime>
<ownerDesignName>Pinacoteca</ownerDesignName>
<engineerTo>
<item key="DC4A0FB7-3E46-6861-33C2-705C8F58903A" value="true"/>
</engineerTo>
<use>0</use>
<ownDataTypeParameters>,,</ownDataTypeParameters>
</Attribute>
<Attribute name="QtLargo" id="0A04A52D-3358-3B47-7F8A-DB4A2572C2E4">
<createdBy>rosan</createdBy>
<createdTime>2021-11-10 02:46:38 UTC</createdTime>
<ownerDesignName>Pinacoteca</ownerDesignName>
<engineerTo>
<item key="DC4A0FB7-3E46-6861-33C2-705C8F58903A" value="true"/>
</engineerTo>
<use>0</use>
<ownDataTypeParameters>,,</ownDataTypeParameters>
</Attribute>
<Attribute name="FePintado" id="28DE5239-012C-F0FC-7CD3-7D09E7698728">
<createdBy>rosan</createdBy>
<createdTime>2021-11-10 02:46:58 UTC</createdTime>
<ownerDesignName>Pinacoteca</ownerDesignName>
<engineerTo>
<item key="DC4A0FB7-3E46-6861-33C2-705C8F58903A" value="true"/>
</engineerTo>
<use>0</use>
<ownDataTypeParameters>,,</ownDataTypeParameters>
</Attribute>
<Attribute name="NoTecnica" id="1FB79409-CD1A-8A4C-FCC2-99DE8CEBBAF5">
<createdBy>rosan</createdBy>
<createdTime>2021-11-10 02:47:03 UTC</createdTime>
<ownerDesignName>Pinacoteca</ownerDesignName>
<engineerTo>
<item key="DC4A0FB7-3E46-6861-33C2-705C8F58903A" value="true"/>
</engineerTo>
<use>0</use>
<ownDataTypeParameters>,,</ownDataTypeParameters>
</Attribute>
<Attribute name="NoPinacoteca" id="FDA2D3B4-A805-06A5-D58F-33FE304CB805">
<createdBy>rosan</createdBy>
<createdTime>2021-11-10 02:50:56 UTC</createdTime>
<generatorID>B8D9A636-0729-4B5E-29FA-668B908612A7</generatorID>
<ownerDesignName>Pinacoteca</ownerDesignName>
<engineerTo>
<item key="DC4A0FB7-3E46-6861-33C2-705C8F58903A" value="true"/>
</engineerTo>
<referedAttribute>C98E2AA9-4981-04DB-3DA5-64A33B0A8461</referedAttribute>
<use>0</use>
<ownDataTypeParameters>,,</ownDataTypeParameters>
</Attribute>
<Attribute name="CoPintor" id="36945091-7AC6-B59E-8A50-63DE962F2EBD">
<createdBy>rosan</createdBy>
<createdTime>2021-11-10 02:54:49 UTC</createdTime>
<generatorID>DB21556A-4F8A-7A25-F808-6BC38FD70246</generatorID>
<ownerDesignName>Pinacoteca</ownerDesignName>
<engineerTo>
<item key="DC4A0FB7-3E46-6861-33C2-705C8F58903A" value="true"/>
</engineerTo>
<referedAttribute>90E93553-57B5-9A38-3DE2-C41DA254D6EA</referedAttribute>
<use>0</use>
<ownDataTypeParameters>,,</ownDataTypeParameters>
</Attribute>
</attributes>
<identifiers itemClass="oracle.dbtools.crest.model.design.logical.CandidateKey">
<identifier id="F7E64D5A-57E0-6FEC-2961-A1946CCC3C90" name="Cuadro PK">
<createdBy>rosan</createdBy>
<createdTime>2021-11-10 02:47:09 UTC</createdTime>
<ownerDesignName>Pinacoteca</ownerDesignName>
<engineerTo>
<item key="DC4A0FB7-3E46-6861-33C2-705C8F58903A" value="true"/>
</engineerTo>
<pk>true</pk>
<usedAttributes>
<attributeRef>DA9BD001-A957-2FAB-7495-135F6AF1E24D</attributeRef>
</usedAttributes>
</identifier>
</identifiers>
</Entity>