<?xml version = '1.0' encoding = 'UTF-8'?>
<Entity class="oracle.dbtools.crest.model.design.logical.Entity" directorySegmentName="seg_0" id="8159B29D-0A56-3427-A491-28416331CC6F" name="Pintor">
<createdBy>rosan</createdBy>
<createdTime>2021-11-10 02:48:08 UTC</createdTime>
<ownerDesignName>Pinacoteca</ownerDesignName>
<engineerTo>
<item key="DC4A0FB7-3E46-6861-33C2-705C8F58903A" value="true"/>
</engineerTo>
<adequatelyNormalized>NO</adequatelyNormalized>
<expectedVolumes>0</expectedVolumes>
<fwdEngineeringStrategyName>Single Table</fwdEngineeringStrategyName>
<growthPercent>0</growthPercent>
<growthType>Year</growthType>
<maxVolumes>9999999</maxVolumes>
<minVolumes>0</minVolumes>
<normalForm>Third</normalForm>
<attributes itemClass="oracle.dbtools.crest.model.design.logical.Attribute">
<Attribute name="CoPintor" id="90E93553-57B5-9A38-3DE2-C41DA254D6EA">
<createdBy>rosan</createdBy>
<createdTime>2021-11-10 02:48:22 UTC</createdTime>
<ownerDesignName>Pinacoteca</ownerDesignName>
<engineerTo>
<item key="DC4A0FB7-3E46-6861-33C2-705C8F58903A" value="true"/>
</engineerTo>
<use>0</use>
<ownDataTypeParameters>,,</ownDataTypeParameters>
</Attribute>
<Attribute name="NoPintor" id="895C67C3-3B0C-4F1D-42D8-94E39070AE1E">
<createdBy>rosan</createdBy>
<createdTime>2021-11-10 02:48:29 UTC</createdTime>
<ownerDesignName>Pinacoteca</ownerDesignName>
<engineerTo>
<item key="DC4A0FB7-3E46-6861-33C2-705C8F58903A" value="true"/>
</engineerTo>
<use>0</use>
<ownDataTypeParameters>,,</ownDataTypeParameters>
</Attribute>
<Attribute name="NoCuidad" id="C8321534-486F-4907-8576-07D147BCA30B">
<createdBy>rosan</createdBy>
<createdTime>2021-11-10 02:48:32 UTC</createdTime>
<ownerDesignName>Pinacoteca</ownerDesignName>
<engineerTo>
<item key="DC4A0FB7-3E46-6861-33C2-705C8F58903A" value="true"/>
</engineerTo>
<use>0</use>
<ownDataTypeParameters>,,</ownDataTypeParameters>
</Attribute>
<Attribute name="FeNacimiento" id="14B37BC7-3ADF-2D2B-B29C-933FF19A0B2C">
<createdBy>rosan</createdBy>
<createdTime>2021-11-10 02:48:35 UTC</createdTime>
<ownerDesignName>Pinacoteca</ownerDesignName>
<engineerTo>
<item key="DC4A0FB7-3E46-6861-33C2-705C8F58903A" value="true"/>
</engineerTo>
<use>0</use>
<ownDataTypeParameters>,,</ownDataTypeParameters>
</Attribute>
<Attribute name="FeFallecimiento" id="7B21A0D8-87C4-881F-4F08-2EAC4E70D50D">
<createdBy>rosan</createdBy>
<createdTime>2021-11-10 02:48:39 UTC</createdTime>
<ownerDesignName>Pinacoteca</ownerDesignName>
<engineerTo>
<item key="DC4A0FB7-3E46-6861-33C2-705C8F58903A" value="true"/>
</engineerTo>
<nullsAllowed>true</nullsAllowed>
<use>0</use>
<ownDataTypeParameters>,,</ownDataTypeParameters>
</Attribute>
<Attribute name="CoMaestro" id="8F98F341-C80D-E483-9E3E-E54EA846CAFD">
<createdBy>rosan</createdBy>
<createdTime>2021-11-10 03:03:32 UTC</createdTime>
<generatorID>A645FCBB-7949-CA21-32AF-122981194596</generatorID>
<ownerDesignName>Pinacoteca</ownerDesignName>
<engineerTo>
<item key="DC4A0FB7-3E46-6861-33C2-705C8F58903A" value="true"/>
</engineerTo>
<nullsAllowed>true</nullsAllowed>
<referedAttribute>90E93553-57B5-9A38-3DE2-C41DA254D6EA</referedAttribute>
<use>0</use>
<ownDataTypeParameters>,,</ownDataTypeParameters>
</Attribute>
</attributes>
<identifiers itemClass="oracle.dbtools.crest.model.design.logical.CandidateKey">
<identifier id="980E5C72-98DD-F5D4-D373-36689CA907DB" name="Pintor PK">
<createdBy>rosan</createdBy>
<createdTime>2021-11-10 02:48:52 UTC</createdTime>
<ownerDesignName>Pinacoteca</ownerDesignName>
<engineerTo>
<item key="DC4A0FB7-3E46-6861-33C2-705C8F58903A" value="true"/>
</engineerTo>
<pk>true</pk>
<usedAttributes>
<attributeRef>90E93553-57B5-9A38-3DE2-C41DA254D6EA</attributeRef>
</usedAttributes>
</identifier>
</identifiers>
</Entity>