<?xml version = '1.0' encoding = 'UTF-8'?>
<Entity class="oracle.dbtools.crest.model.design.logical.Entity" directorySegmentName="seg_0" id="D66C54F7-60FD-68C4-9E0B-0F69411D282C" name="Pinacoteca">
<createdBy>rosan</createdBy>
<createdTime>2021-11-10 02:44:29 UTC</createdTime>
<ownerDesignName>Pinacoteca</ownerDesignName>
<engineerTo>
<item key="DC4A0FB7-3E46-6861-33C2-705C8F58903A" value="true"/>
</engineerTo>
<adequatelyNormalized>NO</adequatelyNormalized>
<expectedVolumes>0</expectedVolumes>
<fwdEngineeringStrategyName>Single Table</fwdEngineeringStrategyName>
<growthPercent>0</growthPercent>
<growthType>Year</growthType>
<maxVolumes>9999999</maxVolumes>
<minVolumes>0</minVolumes>
<normalForm>Third</normalForm>
<attributes itemClass="oracle.dbtools.crest.model.design.logical.Attribute">
<Attribute name="NoPinacoteca" id="C98E2AA9-4981-04DB-3DA5-64A33B0A8461">
<createdBy>rosan</createdBy>
<createdTime>2021-11-10 02:44:37 UTC</createdTime>
<ownerDesignName>Pinacoteca</ownerDesignName>
<engineerTo>
<item key="DC4A0FB7-3E46-6861-33C2-705C8F58903A" value="true"/>
</engineerTo>
<use>0</use>
<ownDataTypeParameters>,,</ownDataTypeParameters>
</Attribute>
<Attribute name="NoCudad" id="75FAC676-2C97-C186-4D11-62D5BE4AEAB7">
<createdBy>rosan</createdBy>
<createdTime>2021-11-10 02:44:48 UTC</createdTime>
<ownerDesignName>Pinacoteca</ownerDesignName>
<engineerTo>
<item key="DC4A0FB7-3E46-6861-33C2-705C8F58903A" value="true"/>
</engineerTo>
<use>0</use>
<ownDataTypeParameters>,,</ownDataTypeParameters>
</Attribute>
<Attribute name="TxDireccion" id="08D006A3-0AFB-14E3-8915-D6942E203750">
<createdBy>rosan</createdBy>
<createdTime>2021-11-10 02:45:01 UTC</createdTime>
<ownerDesignName>Pinacoteca</ownerDesignName>
<engineerTo>
<item key="DC4A0FB7-3E46-6861-33C2-705C8F58903A" value="true"/>
</engineerTo>
<use>0</use>
<ownDataTypeParameters>,,</ownDataTypeParameters>
</Attribute>
<Attribute name="QtMetros" id="19AE53DF-5470-8EF5-6E93-C8416319517A">
<createdBy>rosan</createdBy>
<createdTime>2021-11-10 02:45:06 UTC</createdTime>
<ownerDesignName>Pinacoteca</ownerDesignName>
<engineerTo>
<item key="DC4A0FB7-3E46-6861-33C2-705C8F58903A" value="true"/>
</engineerTo>
<use>0</use>
<ownDataTypeParameters>,,</ownDataTypeParameters>
</Attribute>
</attributes>
<identifiers itemClass="oracle.dbtools.crest.model.design.logical.CandidateKey">
<identifier id="114B4D8F-527C-4796-C077-7294B3620108" name="Pinacoteca PK">
<createdBy>rosan</createdBy>
<createdTime>2021-11-10 02:44:46 UTC</createdTime>
<ownerDesignName>Pinacoteca</ownerDesignName>
<engineerTo>
<item key="DC4A0FB7-3E46-6861-33C2-705C8F58903A" value="true"/>
</engineerTo>
<pk>true</pk>
<usedAttributes>
<attributeRef>C98E2AA9-4981-04DB-3DA5-64A33B0A8461</attributeRef>
</usedAttributes>
</identifier>
</identifiers>
</Entity>