<?xml version = '1.0' encoding = 'UTF-8'?>
<Diagram class="oracle.dbtools.crest.swingui.logical.DPVLogical" name="Logical" id="721E5954-00BC-722D-9EE2-93CB14E02D6D">
<createdBy>Intel</createdBy>
<modifiedBy>Intel</modifiedBy>
<createdTime>2022-02-09 04:06:13 UTC</createdTime>
<autoRoute>false</autoRoute>
<boxInbox>false</boxInbox>
<showLegend>false</showLegend>
<showLabels>false</showLabels>
<showRelAttributes>true</showRelAttributes>
<gridEnabled>false</gridEnabled>
<showGrid>false</showGrid>
<diagramColor>-1</diagramColor>
<display>false</display>
<notation>0</notation>
<objectViews>
<OView class="oracle.dbtools.crest.swingui.logical.TVEntity" oid="04CD63BF-D8A2-5386-68F5-E2CBD05BC202" otype="Entity" vid="EA7F4295-336F-5BC4-5EAC-4331BB663231">
<hideElementsInCurrentOnly>false</hideElementsInCurrentOnly>
<bounds x="1210" y="417" width="266" height="100"/>
</OView>
<OView class="oracle.dbtools.crest.swingui.logical.TVEntity" oid="076C3F6F-E329-F39B-0820-AEB0648220A0" otype="Entity" vid="5A57E9D5-DFF9-1F85-F12A-A2A52A7A912E">
<hideElementsInCurrentOnly>false</hideElementsInCurrentOnly>
<bounds x="607" y="678" width="255" height="139"/>
</OView>
<OView class="oracle.dbtools.crest.swingui.logical.TVEntity" oid="3D9737A7-9EB7-7675-D796-60A55C7A604A" otype="Entity" vid="1A8EF545-5E6C-D422-6087-B80936B13AC5">
<hideElementsInCurrentOnly>false</hideElementsInCurrentOnly>
<bounds x="934" y="103" width="216" height="99"/>
</OView>
<OView class="oracle.dbtools.crest.swingui.logical.TVEntity" oid="658E4BEE-B44D-B72E-CD33-5F162EB995FB" otype="Entity" vid="806BA13E-CDB7-CD9E-CF32-0C59503A4025">
<hideElementsInCurrentOnly>false</hideElementsInCurrentOnly>
<bounds x="1245" y="252" width="198" height="119"/>
</OView>
<OView class="oracle.dbtools.crest.swingui.logical.TVEntity" oid="705F6DD7-D28B-BF5A-0A3C-615F4422C831" otype="Entity" vid="71630341-2E24-E7CA-B73F-24FE98F00451">
<hideElementsInCurrentOnly>false</hideElementsInCurrentOnly>
<bounds x="613" y="99" width="219" height="88"/>
</OView>
<OView class="oracle.dbtools.crest.swingui.logical.TVEntity" oid="801A15B7-129E-D299-852A-0309F0DD3AB9" otype="Entity" vid="B2B4377B-7A30-48C9-737E-B124C1B09E83">
<hideElementsInCurrentOnly>false</hideElementsInCurrentOnly>
<bounds x="279" y="502" width="219" height="75"/>
</OView>
<OView class="oracle.dbtools.crest.swingui.logical.TVEntity" oid="8C2CF3D4-2FEE-3630-AE71-107894E58F38" otype="Entity" vid="693DFF16-F9F1-93C6-8E6F-97950F03305A">
<hideElementsInCurrentOnly>false</hideElementsInCurrentOnly>
<bounds x="305" y="277" width="173" height="56"/>
</OView>
<OView class="oracle.dbtools.crest.swingui.logical.TVEntity" oid="9FFEB447-A480-A5A4-301A-F811A8A52F17" otype="Entity" vid="9F48633C-ADC7-7679-BCB8-AA9DD74C0890">
<hideElementsInCurrentOnly>false</hideElementsInCurrentOnly>
<bounds x="941" y="622" width="245" height="92"/>
</OView>
<OView class="oracle.dbtools.crest.swingui.logical.TVEntity" oid="A14FD928-1221-C3FB-D4F0-5430F731F8F2" otype="Entity" vid="C94AF637-1D69-E051-0607-10064E6D74FC">
<hideElementsInCurrentOnly>false</hideElementsInCurrentOnly>
<bounds x="598" y="250" width="248" height="104"/>
</OView>
<OView class="oracle.dbtools.crest.swingui.logical.TVEntity" oid="AF80AEEE-C82E-C929-EAC6-D9758E7A0987" otype="Entity" vid="DCDAB08C-3EE8-2B6B-F140-865FD6967C26">
<hideElementsInCurrentOnly>false</hideElementsInCurrentOnly>
<bounds x="279" y="404" width="238" height="46"/>
</OView>
<OView class="oracle.dbtools.crest.swingui.logical.TVEntity" oid="B2397DEB-AD4F-E629-0637-F8BA419EB5E3" otype="Entity" vid="4F488A2F-03CB-13BF-FF7C-E79D60C30AE9">
<hideElementsInCurrentOnly>false</hideElementsInCurrentOnly>
<bounds x="938" y="443" width="205" height="122"/>
</OView>
<OView class="oracle.dbtools.crest.swingui.logical.TVEntity" oid="D02709D2-9FF5-B656-77F4-A242B93A901C" otype="Entity" vid="833C9DFD-8DA8-B4B3-D63D-DC61F34C7B1D">
<hideElementsInCurrentOnly>false</hideElementsInCurrentOnly>
<bounds x="262" y="623" width="263" height="87"/>
</OView>
<OView class="oracle.dbtools.crest.swingui.logical.TVEntity" oid="DA7504E1-A6CF-7D88-81E6-C967A759C481" otype="Entity" vid="21537E31-8C45-588A-2E44-65FA211C9C16">
<hideElementsInCurrentOnly>false</hideElementsInCurrentOnly>
<bounds x="15" y="273" width="201" height="74"/>
</OView>
<OView class="oracle.dbtools.crest.swingui.logical.TVEntity" oid="E2399238-BE01-C47D-3A21-89D5D1CBA104" otype="Entity" vid="5CC16FE0-B932-468D-8308-7B4DBD597F8A">
<hideElementsInCurrentOnly>false</hideElementsInCurrentOnly>
<bounds x="921" y="254" width="240" height="137"/>
</OView>
<OView class="oracle.dbtools.crest.swingui.logical.TVEntity" oid="E9D7A02F-8DC2-53AA-B32F-7EC8B3EEE5E5" otype="Entity" vid="ED794CA3-0A96-7531-6C72-158128CE70BC">
<hideElementsInCurrentOnly>false</hideElementsInCurrentOnly>
<bounds x="589" y="428" width="271" height="185"/>
</OView>
<OView class="oracle.dbtools.crest.swingui.logical.TVEntity" oid="F6CB6477-C50B-B331-A69E-C8701C9C5B42" otype="Entity" vid="5DB6E6AE-1A0B-B356-9F0E-044C36BCCE00">
<hideElementsInCurrentOnly>false</hideElementsInCurrentOnly>
<bounds x="91" y="103" width="205" height="141"/>
</OView>
</objectViews>
<connectors>
<Connector class="oracle.dbtools.crest.swingui.logical.TVRelation" oid="0CC06802-17FB-5C5D-8FFC-35603C581B34" otype="Relation" vid_source="71630341-2E24-E7CA-B73F-24FE98F00451" vid_target="1A8EF545-5E6C-D422-6087-B80936B13AC5">
<hideElementsInCurrentOnly>false</hideElementsInCurrentOnly>
<backgroundColor>-16777216</backgroundColor>
<lineWidth>1</lineWidth>
<points>
<point x="832" y="145"/>
<point x="934" y="145"/>
</points>
</Connector>
<Connector class="oracle.dbtools.crest.swingui.logical.TVRelation" oid="1428F4AB-588D-2F28-5A34-5B12BF8296E1" otype="Relation" vid_source="DCDAB08C-3EE8-2B6B-F140-865FD6967C26" vid_target="B2B4377B-7A30-48C9-737E-B124C1B09E83">
<hideElementsInCurrentOnly>false</hideElementsInCurrentOnly>
<backgroundColor>-16777216</backgroundColor>
<lineWidth>1</lineWidth>
<points>
<point x="388" y="450"/>
<point x="388" y="502"/>
</points>
</Connector>
<Connector class="oracle.dbtools.crest.swingui.logical.TVRelation" oid="2D302A94-8EBC-265C-4C01-EBAC77BC5ADD" otype="Relation" vid_source="DCDAB08C-3EE8-2B6B-F140-865FD6967C26" vid_target="ED794CA3-0A96-7531-6C72-158128CE70BC">
<hideElementsInCurrentOnly>false</hideElementsInCurrentOnly>
<backgroundColor>-16777216</backgroundColor>
<lineWidth>1</lineWidth>
<points>
<point x="517" y="439"/>
<point x="589" y="439"/>
</points>
</Connector>
<Connector class="oracle.dbtools.crest.swingui.logical.TVRelation" oid="2F09A8A5-E507-85A9-A832-5148ED090492" otype="Relation" vid_source="5CC16FE0-B932-468D-8308-7B4DBD597F8A" vid_target="806BA13E-CDB7-CD9E-CF32-0C59503A4025">
<hideElementsInCurrentOnly>false</hideElementsInCurrentOnly>
<backgroundColor>-16777216</backgroundColor>
<lineWidth>1</lineWidth>
<points>
<point x="1161" y="312"/>
<point x="1245" y="312"/>
</points>
</Connector>
<Connector class="oracle.dbtools.crest.swingui.logical.TVRelation" oid="44CA179A-B22B-8AF0-9102-DE9819F3EB98" otype="Relation" vid_source="ED794CA3-0A96-7531-6C72-158128CE70BC" vid_target="833C9DFD-8DA8-B4B3-D63D-DC61F34C7B1D">
<hideElementsInCurrentOnly>false</hideElementsInCurrentOnly>
<backgroundColor>-16777216</backgroundColor>
<lineWidth>1</lineWidth>
<points>
<point x="589" y="580"/>
<point x="492" y="623"/>
</points>
</Connector>
<Connector class="oracle.dbtools.crest.swingui.logical.TVRelation" oid="45FE4650-746D-674B-150F-C17C372AB4DF" otype="Relation" vid_source="ED794CA3-0A96-7531-6C72-158128CE70BC" vid_target="C94AF637-1D69-E051-0607-10064E6D74FC">
<hideElementsInCurrentOnly>false</hideElementsInCurrentOnly>
<backgroundColor>-16777216</backgroundColor>
<lineWidth>1</lineWidth>
<points>
<point x="722" y="428"/>
<point x="722" y="354"/>
</points>
</Connector>
<Connector class="oracle.dbtools.crest.swingui.logical.TVInheritanceRelation" oid="58AA40B1-0AEB-45D9-1F3D-7DEE5F507F43" otype="Hierarchy relation" vid_source="21537E31-8C45-588A-2E44-65FA211C9C16" vid_target="693DFF16-F9F1-93C6-8E6F-97950F03305A">
<hideElementsInCurrentOnly>false</hideElementsInCurrentOnly>
<backgroundColor>-65536</backgroundColor>
<lineWidth>1</lineWidth>
<points>
<point x="216" y="305"/>
<point x="305" y="305"/>
</points>
</Connector>
<Connector class="oracle.dbtools.crest.swingui.logical.TVRelation" oid="5E03AF9F-594F-ACC4-5520-7BB44C5AEDDD" otype="Relation" vid_source="5CC16FE0-B932-468D-8308-7B4DBD597F8A" vid_target="4F488A2F-03CB-13BF-FF7C-E79D60C30AE9">
<hideElementsInCurrentOnly>false</hideElementsInCurrentOnly>
<backgroundColor>-16777216</backgroundColor>
<lineWidth>1</lineWidth>
<points>
<point x="1040" y="391"/>
<point x="1040" y="443"/>
</points>
</Connector>
<Connector class="oracle.dbtools.crest.swingui.logical.TVRelation" oid="790493AA-E076-E0BF-D684-3F394E54C4FA" otype="Relation" vid_source="C94AF637-1D69-E051-0607-10064E6D74FC" vid_target="5CC16FE0-B932-468D-8308-7B4DBD597F8A">
<hideElementsInCurrentOnly>false</hideElementsInCurrentOnly>
<backgroundColor>-16777216</backgroundColor>
<lineWidth>1</lineWidth>
<points>
<point x="846" y="289"/>
<point x="921" y="289"/>
</points>
</Connector>
<Connector class="oracle.dbtools.crest.swingui.logical.TVRelation" oid="7BE1AFF7-6B81-3C4F-7B41-BFD9F394A8B6" otype="Relation" vid_source="1A8EF545-5E6C-D422-6087-B80936B13AC5" vid_target="5CC16FE0-B932-468D-8308-7B4DBD597F8A">
<hideElementsInCurrentOnly>false</hideElementsInCurrentOnly>
<backgroundColor>-16777216</backgroundColor>
<lineWidth>1</lineWidth>
<points>
<point x="1057" y="202"/>
<point x="1057" y="254"/>
</points>
</Connector>
<Connector class="oracle.dbtools.crest.swingui.logical.TVInheritanceRelation" oid="80A912A9-FFF7-C6BB-4359-005900D51F29" otype="Hierarchy relation" vid_source="21537E31-8C45-588A-2E44-65FA211C9C16" vid_target="DCDAB08C-3EE8-2B6B-F140-865FD6967C26">
<hideElementsInCurrentOnly>false</hideElementsInCurrentOnly>
<backgroundColor>-65536</backgroundColor>
<lineWidth>1</lineWidth>
<points>
<point x="204" y="347"/>
<point x="342" y="404"/>
</points>
</Connector>
<Connector class="oracle.dbtools.crest.swingui.logical.TVRelation" oid="8895C84F-9F7F-2D20-AC26-FE424BF8A01F" otype="Relation" vid_source="EA7F4295-336F-5BC4-5EAC-4331BB663231" vid_target="806BA13E-CDB7-CD9E-CF32-0C59503A4025">
<hideElementsInCurrentOnly>false</hideElementsInCurrentOnly>
<backgroundColor>-16777216</backgroundColor>
<lineWidth>1</lineWidth>
<points>
<point x="1344" y="417"/>
<point x="1344" y="371"/>
</points>
</Connector>
<Connector class="oracle.dbtools.crest.swingui.logical.TVRelation" oid="8E4DF4D7-EF86-2DAD-0907-811A63EBEB8B" otype="Relation" vid_source="693DFF16-F9F1-93C6-8E6F-97950F03305A" vid_target="C94AF637-1D69-E051-0607-10064E6D74FC">
<hideElementsInCurrentOnly>false</hideElementsInCurrentOnly>
<backgroundColor>-16777216</backgroundColor>
<lineWidth>1</lineWidth>
<points>
<point x="478" y="290"/>
<point x="598" y="290"/>
</points>
</Connector>
<Connector class="oracle.dbtools.crest.swingui.logical.TVRelation" oid="99BDDD32-18D2-C8F6-F0C5-6E8788DFE985" otype="Relation" vid_source="DCDAB08C-3EE8-2B6B-F140-865FD6967C26" vid_target="C94AF637-1D69-E051-0607-10064E6D74FC">
<hideElementsInCurrentOnly>false</hideElementsInCurrentOnly>
<backgroundColor>-16777216</backgroundColor>
<lineWidth>1</lineWidth>
<points>
<point x="457" y="404"/>
<point x="598" y="349"/>
</points>
</Connector>
<Connector class="oracle.dbtools.crest.swingui.logical.TVRelation" oid="9A9A6C0C-81F2-EA87-7EF5-6F3BA5BAC2AE" otype="Relation" vid_source="5A57E9D5-DFF9-1F85-F12A-A2A52A7A912E" vid_target="ED794CA3-0A96-7531-6C72-158128CE70BC">
<hideElementsInCurrentOnly>false</hideElementsInCurrentOnly>
<backgroundColor>-16777216</backgroundColor>
<lineWidth>1</lineWidth>
<points>
<point x="733" y="678"/>
<point x="733" y="613"/>
</points>
</Connector>
<Connector class="oracle.dbtools.crest.swingui.logical.TVInheritanceRelation" oid="C361AF6C-EA52-7C38-353B-2C828207E002" otype="Hierarchy relation" vid_source="5DB6E6AE-1A0B-B356-9F0E-044C36BCCE00" vid_target="21537E31-8C45-588A-2E44-65FA211C9C16">
<hideElementsInCurrentOnly>false</hideElementsInCurrentOnly>
<backgroundColor>-65536</backgroundColor>
<lineWidth>1</lineWidth>
<points>
<point x="153" y="244"/>
<point x="153" y="273"/>
</points>
</Connector>
<Connector class="oracle.dbtools.crest.swingui.logical.TVRelation" oid="DFD2397F-87F1-7469-6B15-4D0300086D7F" otype="Relation" vid_source="9F48633C-ADC7-7679-BCB8-AA9DD74C0890" vid_target="4F488A2F-03CB-13BF-FF7C-E79D60C30AE9">
<hideElementsInCurrentOnly>false</hideElementsInCurrentOnly>
<backgroundColor>-16777216</backgroundColor>
<lineWidth>1</lineWidth>
<points>
<point x="1042" y="622"/>
<point x="1042" y="565"/>
</points>
</Connector>
<Connector class="oracle.dbtools.crest.swingui.logical.TVRelation" oid="F2DBA6F9-0A36-5E1D-4221-A10835C99D84" otype="Relation" vid_source="71630341-2E24-E7CA-B73F-24FE98F00451" vid_target="C94AF637-1D69-E051-0607-10064E6D74FC">
<hideElementsInCurrentOnly>false</hideElementsInCurrentOnly>
<backgroundColor>-16777216</backgroundColor>
<lineWidth>1</lineWidth>
<points>
<point x="722" y="187"/>
<point x="722" y="250"/>
</points>
</Connector>
</connectors>
</Diagram>