<?xml version = '1.0' encoding = 'UTF-8'?>
<Entity class="oracle.dbtools.crest.model.design.logical.Entity" directorySegmentName="seg_0" id="26530E2C-3B26-80AF-9E0F-CD9AD0FF0CC8" name="Prestamov1v1">
<createdBy>rosan</createdBy>
<createdTime>2021-11-10 03:33:49 UTC</createdTime>
<ownerDesignName>Herencia</ownerDesignName>
<engineerTo>
<item key="4760C9C9-FF02-D97A-0B73-0D86A5848410" value="true"/>
</engineerTo>
<adequatelyNormalized>NO</adequatelyNormalized>
<expectedVolumes>0</expectedVolumes>
<fwdEngineeringStrategyName>Single Table</fwdEngineeringStrategyName>
<growthPercent>0</growthPercent>
<growthType>Year</growthType>
<maxVolumes>9999999</maxVolumes>
<minVolumes>0</minVolumes>
<normalForm>Third</normalForm>
<attributes itemClass="oracle.dbtools.crest.model.design.logical.Attribute">
<Attribute name="CoPrestamo" id="202A249B-4564-C3E5-5531-23C63A0C8AEB">
<createdBy>rosan</createdBy>
<createdTime>2021-11-10 03:33:49 UTC</createdTime>
<ownerDesignName>Herencia</ownerDesignName>
<engineerTo>
<item key="4760C9C9-FF02-D97A-0B73-0D86A5848410" value="true"/>
</engineerTo>
<use>0</use>
<ownDataTypeParameters>,,</ownDataTypeParameters>
</Attribute>
<Attribute name="FePrestamo" id="3C098A83-CDF2-19FB-DE4E-BA0C2BA6269E">
<createdBy>rosan</createdBy>
<createdTime>2021-11-10 03:33:49 UTC</createdTime>
<ownerDesignName>Herencia</ownerDesignName>
<engineerTo>
<item key="4760C9C9-FF02-D97A-0B73-0D86A5848410" value="true"/>
</engineerTo>
<nullsAllowed>true</nullsAllowed>
<use>0</use>
<ownDataTypeParameters>,,</ownDataTypeParameters>
</Attribute>
<Attribute name="CoPersona1" id="29BE53BF-B395-E535-25D8-2B0A68715998">
<createdBy>rosan</createdBy>
<createdTime>2021-11-10 03:33:55 UTC</createdTime>
<generatorID>5FAE7D5A-DCB8-9BC2-2083-0DC2EF833830</generatorID>
<ownerDesignName>Herencia</ownerDesignName>
<engineerTo>
<item key="4760C9C9-FF02-D97A-0B73-0D86A5848410" value="true"/>
</engineerTo>
<referedAttribute>3DD28816-BD2E-5253-7B78-F263A67849DD</referedAttribute>
<use>0</use>
<ownDataTypeParameters>,,</ownDataTypeParameters>
</Attribute>
</attributes>
<identifiers itemClass="oracle.dbtools.crest.model.design.logical.CandidateKey">
<identifier id="1625572F-AED6-9C15-6449-2EA117FF339E" name="Prestamo PK">
<createdBy>rosan</createdBy>
<createdTime>2021-11-10 03:33:49 UTC</createdTime>
<ownerDesignName>Herencia</ownerDesignName>
<engineerTo>
<item key="4760C9C9-FF02-D97A-0B73-0D86A5848410" value="true"/>
</engineerTo>
<pk>true</pk>
<usedAttributes>
<attributeRef>202A249B-4564-C3E5-5531-23C63A0C8AEB</attributeRef>
</usedAttributes>
</identifier>
</identifiers>
</Entity>