<?xml version = '1.0' encoding = 'UTF-8'?>
<Entity class="oracle.dbtools.crest.model.design.logical.Entity" directorySegmentName="seg_0" id="45C9CD59-8B86-C779-E0E6-CF308EAA4405" name="Persona">
<createdBy>rosan</createdBy>
<createdTime>2021-11-10 03:23:24 UTC</createdTime>
<ownerDesignName>Herencia</ownerDesignName>
<engineerTo>
<item key="4760C9C9-FF02-D97A-0B73-0D86A5848410" value="true"/>
</engineerTo>
<adequatelyNormalized>NO</adequatelyNormalized>
<expectedVolumes>0</expectedVolumes>
<fwdEngineeringStrategyName>Single Table</fwdEngineeringStrategyName>
<growthPercent>0</growthPercent>
<growthType>Year</growthType>
<maxVolumes>9999999</maxVolumes>
<minVolumes>0</minVolumes>
<normalForm>Third</normalForm>
<attributes itemClass="oracle.dbtools.crest.model.design.logical.Attribute">
<Attribute name="CoPersona" id="7C344F16-9A64-EE93-87EF-21BF87B2865E">
<createdBy>rosan</createdBy>
<createdTime>2021-11-10 03:23:32 UTC</createdTime>
<ownerDesignName>Herencia</ownerDesignName>
<engineerTo>
<item key="4760C9C9-FF02-D97A-0B73-0D86A5848410" value="true"/>
</engineerTo>
<use>0</use>
<ownDataTypeParameters>,,</ownDataTypeParameters>
</Attribute>
<Attribute name="NoPersona" id="2E17C6B2-FAB1-D8EA-A4BF-E4AEDF59FBC9">
<createdBy>rosan</createdBy>
<createdTime>2021-11-10 03:23:38 UTC</createdTime>
<ownerDesignName>Herencia</ownerDesignName>
<engineerTo>
<item key="4760C9C9-FF02-D97A-0B73-0D86A5848410" value="true"/>
</engineerTo>
<nullsAllowed>true</nullsAllowed>
<use>0</use>
<ownDataTypeParameters>,,</ownDataTypeParameters>
</Attribute>
<Attribute name="TxDireccion" id="938833D4-883D-83B5-0E20-2056CEE5D970">
<createdBy>rosan</createdBy>
<createdTime>2021-11-10 03:23:41 UTC</createdTime>
<ownerDesignName>Herencia</ownerDesignName>
<engineerTo>
<item key="4760C9C9-FF02-D97A-0B73-0D86A5848410" value="true"/>
</engineerTo>
<nullsAllowed>true</nullsAllowed>
<use>0</use>
<ownDataTypeParameters>,,</ownDataTypeParameters>
</Attribute>
<Attribute name="CoDNI" id="583DAF1B-9B7D-D6DA-72D0-264A9E6F1F5D">
<createdBy>rosan</createdBy>
<createdTime>2021-11-10 03:23:45 UTC</createdTime>
<ownerDesignName>Herencia</ownerDesignName>
<engineerTo>
<item key="4760C9C9-FF02-D97A-0B73-0D86A5848410" value="true"/>
</engineerTo>
<nullsAllowed>true</nullsAllowed>
<use>0</use>
<ownDataTypeParameters>,,</ownDataTypeParameters>
</Attribute>
<Attribute name="FeIngreso" id="B4AFF594-AFC5-D846-4C49-7CEE0C4E99E9">
<createdBy>rosan</createdBy>
<createdTime>2021-11-10 03:23:54 UTC</createdTime>
<ownerDesignName>Herencia</ownerDesignName>
<engineerTo>
<item key="4760C9C9-FF02-D97A-0B73-0D86A5848410" value="true"/>
</engineerTo>
<nullsAllowed>true</nullsAllowed>
<use>0</use>
<ownDataTypeParameters>,,</ownDataTypeParameters>
</Attribute>
<Attribute name="QtPromedioPonderado" id="F74A1347-D0F5-8511-2716-FAF6495B9E59">
<createdBy>rosan</createdBy>
<createdTime>2021-11-10 03:24:01 UTC</createdTime>
<ownerDesignName>Herencia</ownerDesignName>
<engineerTo>
<item key="4760C9C9-FF02-D97A-0B73-0D86A5848410" value="true"/>
</engineerTo>
<nullsAllowed>true</nullsAllowed>
<use>0</use>
<ownDataTypeParameters>,,</ownDataTypeParameters>
</Attribute>
<Attribute name="FlProfesor" id="753E56FD-0223-A858-29E1-0637DC3F0C7D">
<createdBy>rosan</createdBy>
<createdTime>2021-11-10 03:24:20 UTC</createdTime>
<ownerDesignName>Herencia</ownerDesignName>
<engineerTo>
<item key="4760C9C9-FF02-D97A-0B73-0D86A5848410" value="true"/>
</engineerTo>
<nullsAllowed>true</nullsAllowed>
<use>0</use>
<ownDataTypeParameters>,,</ownDataTypeParameters>
</Attribute>
<Attribute name="CoPais" id="6A0B1834-6B80-B022-93E6-AB4F52BFA918">
<createdBy>rosan</createdBy>
<createdTime>2021-11-10 03:24:59 UTC</createdTime>
<generatorID>F9230A3C-A602-AE6B-68F6-F53E4D7CA5B4</generatorID>
<ownerDesignName>Herencia</ownerDesignName>
<engineerTo>
<item key="4760C9C9-FF02-D97A-0B73-0D86A5848410" value="true"/>
</engineerTo>
<referedAttribute>8D6A139C-C6AB-F1D5-D3CA-CFDBB86BCF0C</referedAttribute>
<use>0</use>
<ownDataTypeParameters>,,</ownDataTypeParameters>
</Attribute>
<Attribute name="CoCarrera" id="C174E854-8FE0-A2B9-C7AE-942CEDE674DC">
<createdBy>rosan</createdBy>
<createdTime>2021-11-10 03:26:53 UTC</createdTime>
<generatorID>54B99FC1-6E39-5549-4265-9165B53207F3</generatorID>
<ownerDesignName>Herencia</ownerDesignName>
<engineerTo>
<item key="4760C9C9-FF02-D97A-0B73-0D86A5848410" value="true"/>
</engineerTo>
<nullsAllowed>true</nullsAllowed>
<referedAttribute>DB87E0C8-7F0F-346F-71D0-C58CE553B5D4</referedAttribute>
<use>0</use>
<ownDataTypeParameters>,,</ownDataTypeParameters>
</Attribute>
</attributes>
<identifiers itemClass="oracle.dbtools.crest.model.design.logical.CandidateKey">
<identifier id="A05DB5B2-4731-96AE-0466-5D0B54ADE1CA" name="Persona PK">
<createdBy>rosan</createdBy>
<createdTime>2021-11-10 03:24:18 UTC</createdTime>
<ownerDesignName>Herencia</ownerDesignName>
<engineerTo>
<item key="4760C9C9-FF02-D97A-0B73-0D86A5848410" value="true"/>
</engineerTo>
<pk>true</pk>
<usedAttributes>
<attributeRef>7C344F16-9A64-EE93-87EF-21BF87B2865E</attributeRef>
</usedAttributes>
</identifier>
</identifiers>
</Entity>