<?xml version = '1.0' encoding = 'UTF-8'?>
<Entity class="oracle.dbtools.crest.model.design.logical.Entity" directorySegmentName="seg_0" id="53CD63BD-F3B9-C613-B72D-2948CD4BCF08" name="Alumnov1">
<createdBy>rosan</createdBy>
<createdTime>2021-11-10 03:30:58 UTC</createdTime>
<ownerDesignName>Herencia</ownerDesignName>
<engineerTo>
<item key="4760C9C9-FF02-D97A-0B73-0D86A5848410" value="true"/>
</engineerTo>
<adequatelyNormalized>NO</adequatelyNormalized>
<expectedVolumes>0</expectedVolumes>
<fwdEngineeringStrategyName>Single Table</fwdEngineeringStrategyName>
<growthPercent>0</growthPercent>
<growthType>Year</growthType>
<hierarchicalParent>5E58A6B3-0DD3-4B64-2206-BDCE4570AE90</hierarchicalParent>
<maxVolumes>9999999</maxVolumes>
<minVolumes>0</minVolumes>
<normalForm>Third</normalForm>
<attributes itemClass="oracle.dbtools.crest.model.design.logical.Attribute">
<Attribute name="QtPromedioPonderado" id="2F52F4F8-48B2-B835-99EF-B848B65CC196">
<createdBy>rosan</createdBy>
<createdTime>2021-11-10 03:31:29 UTC</createdTime>
<ownerDesignName>Herencia</ownerDesignName>
<engineerTo>
<item key="4760C9C9-FF02-D97A-0B73-0D86A5848410" value="true"/>
</engineerTo>
<nullsAllowed>true</nullsAllowed>
<use>0</use>
<ownDataTypeParameters>,,</ownDataTypeParameters>
</Attribute>
<Attribute name="CoCarrera" id="8903B301-05E5-AE6D-D89D-9BBC54B16EF9">
<createdBy>rosan</createdBy>
<createdTime>2021-11-10 03:34:27 UTC</createdTime>
<generatorID>72C70391-240E-EE88-DE9C-F1D1B9BDE5BD</generatorID>
<ownerDesignName>Herencia</ownerDesignName>
<engineerTo>
<item key="4760C9C9-FF02-D97A-0B73-0D86A5848410" value="true"/>
</engineerTo>
<referedAttribute>3363BFDC-80C8-2AE5-D96F-68713F0B38BF</referedAttribute>
<use>0</use>
<ownDataTypeParameters>,,</ownDataTypeParameters>
</Attribute>
</attributes>
</Entity>