<?xml version = '1.0' encoding = 'UTF-8'?>
<Entity class="oracle.dbtools.crest.model.design.logical.Entity" directorySegmentName="seg_0" id="5E58A6B3-0DD3-4B64-2206-BDCE4570AE90" name="Personav1">
<createdBy>rosan</createdBy>
<createdTime>2021-11-10 03:30:31 UTC</createdTime>
<ownerDesignName>Herencia</ownerDesignName>
<engineerTo>
<item key="4760C9C9-FF02-D97A-0B73-0D86A5848410" value="true"/>
</engineerTo>
<adequatelyNormalized>NO</adequatelyNormalized>
<expectedVolumes>0</expectedVolumes>
<fwdEngineeringStrategyName>Single Table</fwdEngineeringStrategyName>
<growthPercent>0</growthPercent>
<growthType>Year</growthType>
<maxVolumes>9999999</maxVolumes>
<minVolumes>0</minVolumes>
<normalForm>Third</normalForm>
<attributes itemClass="oracle.dbtools.crest.model.design.logical.Attribute">
<Attribute name="CoPersona" id="3DD28816-BD2E-5253-7B78-F263A67849DD">
<createdBy>rosan</createdBy>
<createdTime>2021-11-10 03:30:31 UTC</createdTime>
<ownerDesignName>Herencia</ownerDesignName>
<engineerTo>
<item key="4760C9C9-FF02-D97A-0B73-0D86A5848410" value="true"/>
</engineerTo>
<use>0</use>
<ownDataTypeParameters>,,</ownDataTypeParameters>
</Attribute>
<Attribute name="NoPersona" id="393A36ED-2D4B-ACEB-4811-18B84E1EAA39">
<createdBy>rosan</createdBy>
<createdTime>2021-11-10 03:30:31 UTC</createdTime>
<ownerDesignName>Herencia</ownerDesignName>
<engineerTo>
<item key="4760C9C9-FF02-D97A-0B73-0D86A5848410" value="true"/>
</engineerTo>
<nullsAllowed>true</nullsAllowed>
<use>0</use>
<ownDataTypeParameters>,,</ownDataTypeParameters>
</Attribute>
<Attribute name="TxDireccion" id="CA28FD19-401C-EAC5-F081-5CE9D813C5AD">
<createdBy>rosan</createdBy>
<createdTime>2021-11-10 03:30:31 UTC</createdTime>
<ownerDesignName>Herencia</ownerDesignName>
<engineerTo>
<item key="4760C9C9-FF02-D97A-0B73-0D86A5848410" value="true"/>
</engineerTo>
<nullsAllowed>true</nullsAllowed>
<use>0</use>
<ownDataTypeParameters>,,</ownDataTypeParameters>
</Attribute>
<Attribute name="CoDNI" id="4D5C477F-41C5-F321-D668-95BB4FCEF48F">
<createdBy>rosan</createdBy>
<createdTime>2021-11-10 03:30:31 UTC</createdTime>
<ownerDesignName>Herencia</ownerDesignName>
<engineerTo>
<item key="4760C9C9-FF02-D97A-0B73-0D86A5848410" value="true"/>
</engineerTo>
<nullsAllowed>true</nullsAllowed>
<use>0</use>
<ownDataTypeParameters>,,</ownDataTypeParameters>
</Attribute>
<Attribute name="CoPais" id="465C6211-FBEA-9C4A-7F5C-901525FED1E1">
<createdBy>rosan</createdBy>
<createdTime>2021-11-10 03:33:37 UTC</createdTime>
<generatorID>76525EF8-0FF5-4EED-F4F7-CC8600171D2A</generatorID>
<ownerDesignName>Herencia</ownerDesignName>
<engineerTo>
<item key="4760C9C9-FF02-D97A-0B73-0D86A5848410" value="true"/>
</engineerTo>
<referedAttribute>10734DE7-248B-3331-06A3-DF04F3C532C9</referedAttribute>
<use>0</use>
<ownDataTypeParameters>,,</ownDataTypeParameters>
</Attribute>
</attributes>
<identifiers itemClass="oracle.dbtools.crest.model.design.logical.CandidateKey">
<identifier id="0B6C807E-A2E2-FB8A-999A-45B92A04CB40" name="Persona PK">
<createdBy>rosan</createdBy>
<createdTime>2021-11-10 03:30:31 UTC</createdTime>
<ownerDesignName>Herencia</ownerDesignName>
<engineerTo>
<item key="4760C9C9-FF02-D97A-0B73-0D86A5848410" value="true"/>
</engineerTo>
<pk>true</pk>
<usedAttributes>
<attributeRef>3DD28816-BD2E-5253-7B78-F263A67849DD</attributeRef>
</usedAttributes>
</identifier>
</identifiers>
</Entity>