<?xml version = '1.0' encoding = 'UTF-8'?>
<Entity class="oracle.dbtools.crest.model.design.logical.Entity" directorySegmentName="seg_0" id="879AD542-63E6-C09F-2AE2-EF637DA18574" name="Carrerav1">
<createdBy>rosan</createdBy>
<createdTime>2021-11-10 03:26:49 UTC</createdTime>
<ownerDesignName>Herencia</ownerDesignName>
<engineerTo>
<item key="4760C9C9-FF02-D97A-0B73-0D86A5848410" value="true"/>
</engineerTo>
<adequatelyNormalized>NO</adequatelyNormalized>
<expectedVolumes>0</expectedVolumes>
<fwdEngineeringStrategyName>Single Table</fwdEngineeringStrategyName>
<growthPercent>0</growthPercent>
<growthType>Year</growthType>
<maxVolumes>9999999</maxVolumes>
<minVolumes>0</minVolumes>
<normalForm>Third</normalForm>
<attributes itemClass="oracle.dbtools.crest.model.design.logical.Attribute">
<Attribute name="CoCarrera" id="DB87E0C8-7F0F-346F-71D0-C58CE553B5D4">
<createdBy>rosan</createdBy>
<createdTime>2021-11-10 03:26:49 UTC</createdTime>
<ownerDesignName>Herencia</ownerDesignName>
<engineerTo>
<item key="4760C9C9-FF02-D97A-0B73-0D86A5848410" value="true"/>
</engineerTo>
<use>0</use>
<ownDataTypeParameters>,,</ownDataTypeParameters>
</Attribute>
<Attribute name="NoCarrera" id="3EDEDDD9-F66E-DC8F-39E8-37E049B9E2DC">
<createdBy>rosan</createdBy>
<createdTime>2021-11-10 03:26:49 UTC</createdTime>
<ownerDesignName>Herencia</ownerDesignName>
<engineerTo>
<item key="4760C9C9-FF02-D97A-0B73-0D86A5848410" value="true"/>
</engineerTo>
<nullsAllowed>true</nullsAllowed>
<use>0</use>
<ownDataTypeParameters>,,</ownDataTypeParameters>
</Attribute>
</attributes>
<identifiers itemClass="oracle.dbtools.crest.model.design.logical.CandidateKey">
<identifier id="458AE2AF-B3B4-F39A-8D06-22CC76830C1B" name="Carrera PK">
<createdBy>rosan</createdBy>
<createdTime>2021-11-10 03:26:49 UTC</createdTime>
<ownerDesignName>Herencia</ownerDesignName>
<engineerTo>
<item key="4760C9C9-FF02-D97A-0B73-0D86A5848410" value="true"/>
</engineerTo>
<pk>true</pk>
<usedAttributes>
<attributeRef>DB87E0C8-7F0F-346F-71D0-C58CE553B5D4</attributeRef>
</usedAttributes>
</identifier>
</identifiers>
</Entity>