<?xml version = '1.0' encoding = 'UTF-8'?>
<Entity class="oracle.dbtools.crest.model.design.logical.Entity" directorySegmentName="seg_0" id="90C817E1-157B-CC35-5DC4-E0C6793CAA54" name="Prestamo">
<createdBy>rosan</createdBy>
<createdTime>2021-11-10 03:19:21 UTC</createdTime>
<ownerDesignName>Herencia</ownerDesignName>
<engineerTo>
<item key="4760C9C9-FF02-D97A-0B73-0D86A5848410" value="true"/>
</engineerTo>
<adequatelyNormalized>NO</adequatelyNormalized>
<expectedVolumes>0</expectedVolumes>
<fwdEngineeringStrategyName>Single Table</fwdEngineeringStrategyName>
<growthPercent>0</growthPercent>
<growthType>Year</growthType>
<maxVolumes>9999999</maxVolumes>
<minVolumes>0</minVolumes>
<normalForm>Third</normalForm>
<attributes itemClass="oracle.dbtools.crest.model.design.logical.Attribute">
<Attribute name="CoPrestamo" id="5F14B3C7-436F-0EC7-CD09-087BBBF71479">
<createdBy>rosan</createdBy>
<createdTime>2021-11-10 03:19:30 UTC</createdTime>
<ownerDesignName>Herencia</ownerDesignName>
<engineerTo>
<item key="4760C9C9-FF02-D97A-0B73-0D86A5848410" value="true"/>
</engineerTo>
<use>0</use>
<ownDataTypeParameters>,,</ownDataTypeParameters>
</Attribute>
<Attribute name="FePrestamo" id="4CEA7E8E-58CC-08DF-DA0D-3120D6535869">
<createdBy>rosan</createdBy>
<createdTime>2021-11-10 03:19:35 UTC</createdTime>
<ownerDesignName>Herencia</ownerDesignName>
<engineerTo>
<item key="4760C9C9-FF02-D97A-0B73-0D86A5848410" value="true"/>
</engineerTo>
<nullsAllowed>true</nullsAllowed>
<use>0</use>
<ownDataTypeParameters>,,</ownDataTypeParameters>
</Attribute>
<Attribute name="CoProfesor" id="E3219253-99F5-F948-31FB-15204B45AEAA">
<createdBy>rosan</createdBy>
<createdTime>2021-11-10 03:20:41 UTC</createdTime>
<generatorID>5D755699-60AA-1AD6-87E5-67A56E2840EC</generatorID>
<ownerDesignName>Herencia</ownerDesignName>
<engineerTo>
<item key="4760C9C9-FF02-D97A-0B73-0D86A5848410" value="true"/>
</engineerTo>
<nullsAllowed>true</nullsAllowed>
<referedAttribute>E6A42725-2263-0F1B-D995-74F5515F6ACA</referedAttribute>
<use>0</use>
<ownDataTypeParameters>,,</ownDataTypeParameters>
</Attribute>
<Attribute name="CoAlumno" id="0F415966-B039-606D-01E5-FCCD4D8A2DE6">
<createdBy>rosan</createdBy>
<createdTime>2021-11-10 03:20:45 UTC</createdTime>
<generatorID>29B96298-24E5-242B-56A1-C2C8950D7B12</generatorID>
<ownerDesignName>Herencia</ownerDesignName>
<engineerTo>
<item key="4760C9C9-FF02-D97A-0B73-0D86A5848410" value="true"/>
</engineerTo>
<nullsAllowed>true</nullsAllowed>
<referedAttribute>CBBC8A83-52F5-DEA4-A3A0-155019EB826C</referedAttribute>
<use>0</use>
<ownDataTypeParameters>,,</ownDataTypeParameters>
</Attribute>
</attributes>
<identifiers itemClass="oracle.dbtools.crest.model.design.logical.CandidateKey">
<identifier id="E3801F0F-59D8-FC44-F8BF-D0B588EA39CD" name="Prestamo PK">
<createdBy>rosan</createdBy>
<createdTime>2021-11-10 03:21:00 UTC</createdTime>
<ownerDesignName>Herencia</ownerDesignName>
<engineerTo>
<item key="4760C9C9-FF02-D97A-0B73-0D86A5848410" value="true"/>
</engineerTo>
<pk>true</pk>
<usedAttributes>
<attributeRef>5F14B3C7-436F-0EC7-CD09-087BBBF71479</attributeRef>
</usedAttributes>
</identifier>
</identifiers>
</Entity>