<?xml version = '1.0' encoding = 'UTF-8'?>
<Entity class="oracle.dbtools.crest.model.design.logical.Entity" directorySegmentName="seg_0" id="96C44EA3-9902-248E-EBB1-378F61B8DF3C" name="Paisv2">
<createdBy>rosan</createdBy>
<createdTime>2021-11-10 03:24:54 UTC</createdTime>
<ownerDesignName>Herencia</ownerDesignName>
<engineerTo>
<item key="4760C9C9-FF02-D97A-0B73-0D86A5848410" value="true"/>
</engineerTo>
<adequatelyNormalized>NO</adequatelyNormalized>
<expectedVolumes>0</expectedVolumes>
<fwdEngineeringStrategyName>Single Table</fwdEngineeringStrategyName>
<growthPercent>0</growthPercent>
<growthType>Year</growthType>
<maxVolumes>9999999</maxVolumes>
<minVolumes>0</minVolumes>
<normalForm>Third</normalForm>
<attributes itemClass="oracle.dbtools.crest.model.design.logical.Attribute">
<Attribute name="CoPais" id="8D6A139C-C6AB-F1D5-D3CA-CFDBB86BCF0C">
<createdBy>rosan</createdBy>
<createdTime>2021-11-10 03:24:54 UTC</createdTime>
<ownerDesignName>Herencia</ownerDesignName>
<engineerTo>
<item key="4760C9C9-FF02-D97A-0B73-0D86A5848410" value="true"/>
</engineerTo>
<use>0</use>
<ownDataTypeParameters>,,</ownDataTypeParameters>
</Attribute>
<Attribute name="NoPais" id="0D1527A2-9AD0-3A01-B7E9-8AE17DEF7E81">
<createdBy>rosan</createdBy>
<createdTime>2021-11-10 03:24:54 UTC</createdTime>
<ownerDesignName>Herencia</ownerDesignName>
<engineerTo>
<item key="4760C9C9-FF02-D97A-0B73-0D86A5848410" value="true"/>
</engineerTo>
<nullsAllowed>true</nullsAllowed>
<use>0</use>
<ownDataTypeParameters>,,</ownDataTypeParameters>
</Attribute>
</attributes>
<identifiers itemClass="oracle.dbtools.crest.model.design.logical.CandidateKey">
<identifier id="D1ACDB64-75D7-74F2-BC7F-B88C84A6CE81" name="Pais PK">
<createdBy>rosan</createdBy>
<createdTime>2021-11-10 03:24:54 UTC</createdTime>
<ownerDesignName>Herencia</ownerDesignName>
<engineerTo>
<item key="4760C9C9-FF02-D97A-0B73-0D86A5848410" value="true"/>
</engineerTo>
<pk>true</pk>
<usedAttributes>
<attributeRef>8D6A139C-C6AB-F1D5-D3CA-CFDBB86BCF0C</attributeRef>
</usedAttributes>
</identifier>
</identifiers>
</Entity>