<?xml version = '1.0' encoding = 'UTF-8'?>
<Entity class="oracle.dbtools.crest.model.design.logical.Entity" directorySegmentName="seg_0" id="A7A0EE1B-A23D-3E68-035B-EAFD6FEEDA43" name="Alumno">
<createdBy>rosan</createdBy>
<createdTime>2021-11-10 03:17:11 UTC</createdTime>
<ownerDesignName>Herencia</ownerDesignName>
<engineerTo>
<item key="4760C9C9-FF02-D97A-0B73-0D86A5848410" value="true"/>
</engineerTo>
<adequatelyNormalized>NO</adequatelyNormalized>
<expectedVolumes>0</expectedVolumes>
<fwdEngineeringStrategyName>Single Table</fwdEngineeringStrategyName>
<growthPercent>0</growthPercent>
<growthType>Year</growthType>
<maxVolumes>9999999</maxVolumes>
<minVolumes>0</minVolumes>
<normalForm>Third</normalForm>
<attributes itemClass="oracle.dbtools.crest.model.design.logical.Attribute">
<Attribute name="CoAlumno" id="CBBC8A83-52F5-DEA4-A3A0-155019EB826C">
<createdBy>rosan</createdBy>
<createdTime>2021-11-10 03:17:25 UTC</createdTime>
<ownerDesignName>Herencia</ownerDesignName>
<engineerTo>
<item key="4760C9C9-FF02-D97A-0B73-0D86A5848410" value="true"/>
</engineerTo>
<use>0</use>
<ownDataTypeParameters>,,</ownDataTypeParameters>
</Attribute>
<Attribute name="NoAlumno" id="EB3A1515-1BA0-77CA-1EC8-9D4364F38BA4">
<createdBy>rosan</createdBy>
<createdTime>2021-11-10 03:17:38 UTC</createdTime>
<ownerDesignName>Herencia</ownerDesignName>
<engineerTo>
<item key="4760C9C9-FF02-D97A-0B73-0D86A5848410" value="true"/>
</engineerTo>
<nullsAllowed>true</nullsAllowed>
<use>0</use>
<ownDataTypeParameters>,,</ownDataTypeParameters>
</Attribute>
<Attribute name="TxDireccion" id="E312576F-AC82-D26B-E97A-2997EDB41133">
<createdBy>rosan</createdBy>
<createdTime>2021-11-10 03:17:40 UTC</createdTime>
<ownerDesignName>Herencia</ownerDesignName>
<engineerTo>
<item key="4760C9C9-FF02-D97A-0B73-0D86A5848410" value="true"/>
</engineerTo>
<nullsAllowed>true</nullsAllowed>
<use>0</use>
<ownDataTypeParameters>,,</ownDataTypeParameters>
</Attribute>
<Attribute name="CoDNI" id="45A44EE2-BE2E-F97B-47B0-47B59BFFEFBE">
<createdBy>rosan</createdBy>
<createdTime>2021-11-10 03:17:45 UTC</createdTime>
<ownerDesignName>Herencia</ownerDesignName>
<engineerTo>
<item key="4760C9C9-FF02-D97A-0B73-0D86A5848410" value="true"/>
</engineerTo>
<nullsAllowed>true</nullsAllowed>
<use>0</use>
<ownDataTypeParameters>,,</ownDataTypeParameters>
</Attribute>
<Attribute name="QtPromedioPonderado" id="46E4908E-CAA0-9456-8925-D00DFD9E8928">
<createdBy>rosan</createdBy>
<createdTime>2021-11-10 03:17:54 UTC</createdTime>
<ownerDesignName>Herencia</ownerDesignName>
<engineerTo>
<item key="4760C9C9-FF02-D97A-0B73-0D86A5848410" value="true"/>
</engineerTo>
<nullsAllowed>true</nullsAllowed>
<use>0</use>
<ownDataTypeParameters>,,</ownDataTypeParameters>
</Attribute>
<Attribute name="CoPais" id="09B2459A-78C6-2997-C45D-692F38582C2E">
<createdBy>rosan</createdBy>
<createdTime>2021-11-10 03:22:27 UTC</createdTime>
<generatorID>1F395147-D1FB-18F9-3AC4-161235BE1445</generatorID>
<ownerDesignName>Herencia</ownerDesignName>
<engineerTo>
<item key="4760C9C9-FF02-D97A-0B73-0D86A5848410" value="true"/>
</engineerTo>
<referedAttribute>658F694F-DBC7-727B-EF0C-4353A6C75547</referedAttribute>
<use>0</use>
<ownDataTypeParameters>,,</ownDataTypeParameters>
</Attribute>
<Attribute name="CoCarrera" id="C589FC47-6ABB-DE6A-F49E-C9E078AE5949">
<createdBy>rosan</createdBy>
<createdTime>2021-11-10 03:26:39 UTC</createdTime>
<generatorID>1E1EB5CC-3611-4EC4-1EE3-3318B116DA00</generatorID>
<ownerDesignName>Herencia</ownerDesignName>
<engineerTo>
<item key="4760C9C9-FF02-D97A-0B73-0D86A5848410" value="true"/>
</engineerTo>
<referedAttribute>372F953E-950C-1BBE-22FA-909C074BA9C4</referedAttribute>
<use>0</use>
<ownDataTypeParameters>,,</ownDataTypeParameters>
</Attribute>
</attributes>
<identifiers itemClass="oracle.dbtools.crest.model.design.logical.CandidateKey">
<identifier id="21420D56-0DC2-6F1C-174A-56E459201E5A" name="Alumno PK">
<createdBy>rosan</createdBy>
<createdTime>2021-11-10 03:18:22 UTC</createdTime>
<ownerDesignName>Herencia</ownerDesignName>
<engineerTo>
<item key="4760C9C9-FF02-D97A-0B73-0D86A5848410" value="true"/>
</engineerTo>
<pk>true</pk>
<usedAttributes>
<attributeRef>CBBC8A83-52F5-DEA4-A3A0-155019EB826C</attributeRef>
</usedAttributes>
</identifier>
</identifiers>
</Entity>