<?xml version = '1.0' encoding = 'UTF-8'?>
<Entity class="oracle.dbtools.crest.model.design.logical.Entity" directorySegmentName="seg_0" id="B48C439B-3E89-62EA-1781-15B0735EC6E8" name="Profesor">
<createdBy>rosan</createdBy>
<createdTime>2021-11-10 03:18:26 UTC</createdTime>
<ownerDesignName>Herencia</ownerDesignName>
<engineerTo>
<item key="4760C9C9-FF02-D97A-0B73-0D86A5848410" value="true"/>
</engineerTo>
<adequatelyNormalized>NO</adequatelyNormalized>
<expectedVolumes>0</expectedVolumes>
<fwdEngineeringStrategyName>Single Table</fwdEngineeringStrategyName>
<growthPercent>0</growthPercent>
<growthType>Year</growthType>
<maxVolumes>9999999</maxVolumes>
<minVolumes>0</minVolumes>
<normalForm>Third</normalForm>
<attributes itemClass="oracle.dbtools.crest.model.design.logical.Attribute">
<Attribute name="CoProfesor" id="E6A42725-2263-0F1B-D995-74F5515F6ACA">
<createdBy>rosan</createdBy>
<createdTime>2021-11-10 03:18:34 UTC</createdTime>
<ownerDesignName>Herencia</ownerDesignName>
<engineerTo>
<item key="4760C9C9-FF02-D97A-0B73-0D86A5848410" value="true"/>
</engineerTo>
<use>0</use>
<ownDataTypeParameters>,,</ownDataTypeParameters>
</Attribute>
<Attribute name="NoProfesor" id="10FC8820-9CAD-8BCA-D6BA-23173C761CAE">
<createdBy>rosan</createdBy>
<createdTime>2021-11-10 03:18:38 UTC</createdTime>
<ownerDesignName>Herencia</ownerDesignName>
<engineerTo>
<item key="4760C9C9-FF02-D97A-0B73-0D86A5848410" value="true"/>
</engineerTo>
<nullsAllowed>true</nullsAllowed>
<use>0</use>
<ownDataTypeParameters>,,</ownDataTypeParameters>
</Attribute>
<Attribute name="TxDireccion" id="D6D1365D-9E89-4B8C-4DCE-C99EC2CEC0AF">
<createdBy>rosan</createdBy>
<createdTime>2021-11-10 03:18:41 UTC</createdTime>
<ownerDesignName>Herencia</ownerDesignName>
<engineerTo>
<item key="4760C9C9-FF02-D97A-0B73-0D86A5848410" value="true"/>
</engineerTo>
<nullsAllowed>true</nullsAllowed>
<use>0</use>
<ownDataTypeParameters>,,</ownDataTypeParameters>
</Attribute>
<Attribute name="CoDNI" id="5BC4D13C-FA7A-5766-9FE5-52BECDB648FC">
<createdBy>rosan</createdBy>
<createdTime>2021-11-10 03:18:47 UTC</createdTime>
<ownerDesignName>Herencia</ownerDesignName>
<engineerTo>
<item key="4760C9C9-FF02-D97A-0B73-0D86A5848410" value="true"/>
</engineerTo>
<nullsAllowed>true</nullsAllowed>
<use>0</use>
<ownDataTypeParameters>,,</ownDataTypeParameters>
</Attribute>
<Attribute name="FeIngreso" id="BB3C6E18-269C-E252-8013-09079EBBD336">
<createdBy>rosan</createdBy>
<createdTime>2021-11-10 03:18:50 UTC</createdTime>
<ownerDesignName>Herencia</ownerDesignName>
<engineerTo>
<item key="4760C9C9-FF02-D97A-0B73-0D86A5848410" value="true"/>
</engineerTo>
<nullsAllowed>true</nullsAllowed>
<use>0</use>
<ownDataTypeParameters>,,</ownDataTypeParameters>
</Attribute>
<Attribute name="CoPais" id="E40F19CB-739E-8FD3-A2C8-6FF333C44AA0">
<createdBy>rosan</createdBy>
<createdTime>2021-11-10 03:22:23 UTC</createdTime>
<generatorID>4AEDAD25-DE90-EB43-0CBB-E68728D09C09</generatorID>
<ownerDesignName>Herencia</ownerDesignName>
<engineerTo>
<item key="4760C9C9-FF02-D97A-0B73-0D86A5848410" value="true"/>
</engineerTo>
<referedAttribute>658F694F-DBC7-727B-EF0C-4353A6C75547</referedAttribute>
<use>0</use>
<ownDataTypeParameters>,,</ownDataTypeParameters>
</Attribute>
</attributes>
<identifiers itemClass="oracle.dbtools.crest.model.design.logical.CandidateKey">
<identifier id="A5EE7BB4-D49C-C4DC-9564-800A074A4D8A" name="Profesor PK">
<createdBy>rosan</createdBy>
<createdTime>2021-11-10 03:19:01 UTC</createdTime>
<ownerDesignName>Herencia</ownerDesignName>
<engineerTo>
<item key="4760C9C9-FF02-D97A-0B73-0D86A5848410" value="true"/>
</engineerTo>
<pk>true</pk>
<usedAttributes>
<attributeRef>E6A42725-2263-0F1B-D995-74F5515F6ACA</attributeRef>
</usedAttributes>
</identifier>
</identifiers>
</Entity>