<?xml version = '1.0' encoding = 'UTF-8'?>
<Entity class="oracle.dbtools.crest.model.design.logical.Entity" directorySegmentName="seg_0" id="C1F8D3DC-1604-8370-FF42-34B24F188C47" name="Carrerav1v1">
<createdBy>rosan</createdBy>
<createdTime>2021-11-10 03:34:20 UTC</createdTime>
<ownerDesignName>Herencia</ownerDesignName>
<engineerTo>
<item key="4760C9C9-FF02-D97A-0B73-0D86A5848410" value="true"/>
</engineerTo>
<adequatelyNormalized>NO</adequatelyNormalized>
<expectedVolumes>0</expectedVolumes>
<fwdEngineeringStrategyName>Single Table</fwdEngineeringStrategyName>
<growthPercent>0</growthPercent>
<growthType>Year</growthType>
<maxVolumes>9999999</maxVolumes>
<minVolumes>0</minVolumes>
<normalForm>Third</normalForm>
<attributes itemClass="oracle.dbtools.crest.model.design.logical.Attribute">
<Attribute name="CoCarrera" id="3363BFDC-80C8-2AE5-D96F-68713F0B38BF">
<createdBy>rosan</createdBy>
<createdTime>2021-11-10 03:34:20 UTC</createdTime>
<ownerDesignName>Herencia</ownerDesignName>
<engineerTo>
<item key="4760C9C9-FF02-D97A-0B73-0D86A5848410" value="true"/>
</engineerTo>
<use>0</use>
<ownDataTypeParameters>,,</ownDataTypeParameters>
</Attribute>
<Attribute name="NoCarrera" id="F2F136FA-FEA5-494D-4AE6-1782AAB74A23">
<createdBy>rosan</createdBy>
<createdTime>2021-11-10 03:34:20 UTC</createdTime>
<ownerDesignName>Herencia</ownerDesignName>
<engineerTo>
<item key="4760C9C9-FF02-D97A-0B73-0D86A5848410" value="true"/>
</engineerTo>
<nullsAllowed>true</nullsAllowed>
<use>0</use>
<ownDataTypeParameters>,,</ownDataTypeParameters>
</Attribute>
</attributes>
<identifiers itemClass="oracle.dbtools.crest.model.design.logical.CandidateKey">
<identifier id="446C22A9-0C9D-01E2-283C-C78E4707BF32" name="Carrera PK">
<createdBy>rosan</createdBy>
<createdTime>2021-11-10 03:34:20 UTC</createdTime>
<ownerDesignName>Herencia</ownerDesignName>
<engineerTo>
<item key="4760C9C9-FF02-D97A-0B73-0D86A5848410" value="true"/>
</engineerTo>
<pk>true</pk>
<usedAttributes>
<attributeRef>3363BFDC-80C8-2AE5-D96F-68713F0B38BF</attributeRef>
</usedAttributes>
</identifier>
</identifiers>
</Entity>