<?xml version = '1.0' encoding = 'UTF-8'?>
<Entity class="oracle.dbtools.crest.model.design.logical.Entity" directorySegmentName="seg_0" id="C8237EAF-EF62-7E67-1FDA-C84DC9002DA6" name="Prestamov1">
<createdBy>rosan</createdBy>
<createdTime>2021-11-10 03:25:20 UTC</createdTime>
<ownerDesignName>Herencia</ownerDesignName>
<engineerTo>
<item key="4760C9C9-FF02-D97A-0B73-0D86A5848410" value="true"/>
</engineerTo>
<adequatelyNormalized>NO</adequatelyNormalized>
<expectedVolumes>0</expectedVolumes>
<fwdEngineeringStrategyName>Single Table</fwdEngineeringStrategyName>
<growthPercent>0</growthPercent>
<growthType>Year</growthType>
<maxVolumes>9999999</maxVolumes>
<minVolumes>0</minVolumes>
<normalForm>Third</normalForm>
<attributes itemClass="oracle.dbtools.crest.model.design.logical.Attribute">
<Attribute name="CoPrestamo" id="FDC93DB1-3A2D-0838-D000-475ED64EE491">
<createdBy>rosan</createdBy>
<createdTime>2021-11-10 03:25:20 UTC</createdTime>
<ownerDesignName>Herencia</ownerDesignName>
<engineerTo>
<item key="4760C9C9-FF02-D97A-0B73-0D86A5848410" value="true"/>
</engineerTo>
<use>0</use>
<ownDataTypeParameters>,,</ownDataTypeParameters>
</Attribute>
<Attribute name="FePrestamo" id="59279AFF-8ACC-85B3-F480-095B9B8C0FD8">
<createdBy>rosan</createdBy>
<createdTime>2021-11-10 03:25:20 UTC</createdTime>
<ownerDesignName>Herencia</ownerDesignName>
<engineerTo>
<item key="4760C9C9-FF02-D97A-0B73-0D86A5848410" value="true"/>
</engineerTo>
<nullsAllowed>true</nullsAllowed>
<use>0</use>
<ownDataTypeParameters>,,</ownDataTypeParameters>
</Attribute>
<Attribute name="CoPersona" id="CF3AF8F9-1403-63AF-0629-0488723AD074">
<createdBy>rosan</createdBy>
<createdTime>2021-11-10 03:25:40 UTC</createdTime>
<generatorID>E7978C1C-13E7-9958-BB47-41AA249E9DC7</generatorID>
<ownerDesignName>Herencia</ownerDesignName>
<engineerTo>
<item key="4760C9C9-FF02-D97A-0B73-0D86A5848410" value="true"/>
</engineerTo>
<referedAttribute>7C344F16-9A64-EE93-87EF-21BF87B2865E</referedAttribute>
<use>0</use>
<ownDataTypeParameters>,,</ownDataTypeParameters>
</Attribute>
</attributes>
<identifiers itemClass="oracle.dbtools.crest.model.design.logical.CandidateKey">
<identifier id="CAF670A0-BF82-5795-3DB4-00B7943759EC" name="Prestamo PK">
<createdBy>rosan</createdBy>
<createdTime>2021-11-10 03:25:20 UTC</createdTime>
<ownerDesignName>Herencia</ownerDesignName>
<engineerTo>
<item key="4760C9C9-FF02-D97A-0B73-0D86A5848410" value="true"/>
</engineerTo>
<pk>true</pk>
<usedAttributes>
<attributeRef>FDC93DB1-3A2D-0838-D000-475ED64EE491</attributeRef>
</usedAttributes>
</identifier>
</identifiers>
</Entity>