<?xml version = '1.0' encoding = 'UTF-8'?>
<Entity class="oracle.dbtools.crest.model.design.logical.Entity" directorySegmentName="seg_0" id="D1D74EBF-813B-F5AB-5C0F-BD31ADC16AFA" name="Carrera">
<createdBy>rosan</createdBy>
<createdTime>2021-11-10 03:26:18 UTC</createdTime>
<ownerDesignName>Herencia</ownerDesignName>
<engineerTo>
<item key="4760C9C9-FF02-D97A-0B73-0D86A5848410" value="true"/>
</engineerTo>
<adequatelyNormalized>NO</adequatelyNormalized>
<expectedVolumes>0</expectedVolumes>
<fwdEngineeringStrategyName>Single Table</fwdEngineeringStrategyName>
<growthPercent>0</growthPercent>
<growthType>Year</growthType>
<maxVolumes>9999999</maxVolumes>
<minVolumes>0</minVolumes>
<normalForm>Third</normalForm>
<attributes itemClass="oracle.dbtools.crest.model.design.logical.Attribute">
<Attribute name="CoCarrera" id="372F953E-950C-1BBE-22FA-909C074BA9C4">
<createdBy>rosan</createdBy>
<createdTime>2021-11-10 03:26:25 UTC</createdTime>
<ownerDesignName>Herencia</ownerDesignName>
<engineerTo>
<item key="4760C9C9-FF02-D97A-0B73-0D86A5848410" value="true"/>
</engineerTo>
<use>0</use>
<ownDataTypeParameters>,,</ownDataTypeParameters>
</Attribute>
<Attribute name="NoCarrera" id="AC00B817-D26C-DBEA-05F5-4D4C5E87592E">
<createdBy>rosan</createdBy>
<createdTime>2021-11-10 03:26:28 UTC</createdTime>
<ownerDesignName>Herencia</ownerDesignName>
<engineerTo>
<item key="4760C9C9-FF02-D97A-0B73-0D86A5848410" value="true"/>
</engineerTo>
<nullsAllowed>true</nullsAllowed>
<use>0</use>
<ownDataTypeParameters>,,</ownDataTypeParameters>
</Attribute>
</attributes>
<identifiers itemClass="oracle.dbtools.crest.model.design.logical.CandidateKey">
<identifier id="A78B37E9-369F-8A49-82A5-F8EFE7C5190E" name="Carrera PK">
<createdBy>rosan</createdBy>
<createdTime>2021-11-10 03:26:35 UTC</createdTime>
<ownerDesignName>Herencia</ownerDesignName>
<engineerTo>
<item key="4760C9C9-FF02-D97A-0B73-0D86A5848410" value="true"/>
</engineerTo>
<pk>true</pk>
<usedAttributes>
<attributeRef>372F953E-950C-1BBE-22FA-909C074BA9C4</attributeRef>
</usedAttributes>
</identifier>
</identifiers>
</Entity>