<?xml version = '1.0' encoding = 'UTF-8'?>
<Entity class="oracle.dbtools.crest.model.design.logical.Entity" directorySegmentName="seg_0" id="FF704415-2ED6-E960-1964-AE9DDBB75886" name="Pais">
<createdBy>rosan</createdBy>
<createdTime>2021-11-10 03:21:52 UTC</createdTime>
<ownerDesignName>Herencia</ownerDesignName>
<engineerTo>
<item key="4760C9C9-FF02-D97A-0B73-0D86A5848410" value="true"/>
</engineerTo>
<adequatelyNormalized>NO</adequatelyNormalized>
<expectedVolumes>0</expectedVolumes>
<fwdEngineeringStrategyName>Single Table</fwdEngineeringStrategyName>
<growthPercent>0</growthPercent>
<growthType>Year</growthType>
<maxVolumes>9999999</maxVolumes>
<minVolumes>0</minVolumes>
<normalForm>Third</normalForm>
<attributes itemClass="oracle.dbtools.crest.model.design.logical.Attribute">
<Attribute name="CoPais" id="658F694F-DBC7-727B-EF0C-4353A6C75547">
<createdBy>rosan</createdBy>
<createdTime>2021-11-10 03:21:56 UTC</createdTime>
<ownerDesignName>Herencia</ownerDesignName>
<engineerTo>
<item key="4760C9C9-FF02-D97A-0B73-0D86A5848410" value="true"/>
</engineerTo>
<use>0</use>
<ownDataTypeParameters>,,</ownDataTypeParameters>
</Attribute>
<Attribute name="NoPais" id="1CA8D3CF-8340-5FFD-B858-BB9002FA8016">
<createdBy>rosan</createdBy>
<createdTime>2021-11-10 03:22:01 UTC</createdTime>
<ownerDesignName>Herencia</ownerDesignName>
<engineerTo>
<item key="4760C9C9-FF02-D97A-0B73-0D86A5848410" value="true"/>
</engineerTo>
<nullsAllowed>true</nullsAllowed>
<use>0</use>
<ownDataTypeParameters>,,</ownDataTypeParameters>
</Attribute>
</attributes>
<identifiers itemClass="oracle.dbtools.crest.model.design.logical.CandidateKey">
<identifier id="B81051D6-3D55-CCA9-605D-6CDE16368457" name="Pais PK">
<createdBy>rosan</createdBy>
<createdTime>2021-11-10 03:22:07 UTC</createdTime>
<ownerDesignName>Herencia</ownerDesignName>
<engineerTo>
<item key="4760C9C9-FF02-D97A-0B73-0D86A5848410" value="true"/>
</engineerTo>
<pk>true</pk>
<usedAttributes>
<attributeRef>658F694F-DBC7-727B-EF0C-4353A6C75547</attributeRef>
</usedAttributes>
</identifier>
</identifiers>
</Entity>