<?xml version = '1.0' encoding = 'UTF-8'?>
<Diagram class="oracle.dbtools.crest.swingui.logical.DPVLogical" name="Logical" id="01F65594-7611-FA65-45A5-F50AA2D3312F">
<createdBy>rosan</createdBy>
<modifiedBy>rosan</modifiedBy>
<createdTime>2021-11-10 02:42:29 UTC</createdTime>
<autoRoute>false</autoRoute>
<boxInbox>true</boxInbox>
<showLegend>false</showLegend>
<showLabels>false</showLabels>
<showRelAttributes>false</showRelAttributes>
<gridEnabled>false</gridEnabled>
<showGrid>false</showGrid>
<diagramColor>-1</diagramColor>
<display>false</display>
<notation>0</notation>
<showAllDetails>false</showAllDetails>
<showElements>true</showElements>
<objectViews>
<OView class="oracle.dbtools.crest.swingui.logical.TVEntity" oid="38D12662-3279-C813-A3BD-FC46F9CCFA16" otype="Entity" vid="492FF00C-DEBA-D06E-938A-3549B8F51DC7">
<hideElementsInCurrentOnly>false</hideElementsInCurrentOnly>
<bounds x="373" y="95" width="170" height="134"/>
</OView>
<OView class="oracle.dbtools.crest.swingui.logical.TVEntity" oid="8159B29D-0A56-3427-A491-28416331CC6F" otype="Entity" vid="977BB803-4458-4CBF-295D-0334DCC61D6D">
<hideElementsInCurrentOnly>false</hideElementsInCurrentOnly>
<bounds x="366" y="298" width="170" height="110"/>
</OView>
<OView class="oracle.dbtools.crest.swingui.TVNote" oid="88B4F7FA-8356-9172-FBD8-F56629BEEA80" otype="Note" vid="D0327916-57C1-AACE-7A21-2EAD1ACB4073">
<hideElementsInCurrentOnly>false</hideElementsInCurrentOnly>
<bounds x="46" y="259" width="272" height="119"/>
<comment>Cada cuadro es pintado por un determinado pintor (nombre, país, ciudad, fecha de nacimiento y fecha de fallecimiento). 


Un pintor puede tener a otro como maestro; a su vez un maestro puede serlo de varios (o de ninguno).</comment>
</OView>
<OView class="oracle.dbtools.crest.swingui.TVNote" oid="A6CAED49-EDC9-6376-8A27-9F57E7F69F50" otype="Note" vid="AF67EF32-052F-6922-6ACA-E22EC47942CC">
<hideElementsInCurrentOnly>false</hideElementsInCurrentOnly>
<bounds x="323" y="33" width="404" height="55"/>
<comment>Cada pinacoteca tiene una serie de cuadros de los que se quiere guardar su código, nombre, medidas, fecha en la que fue pintado y técnica usada para pintarlo</comment>
</OView>
<OView class="oracle.dbtools.crest.swingui.logical.TVEntity" oid="D66C54F7-60FD-68C4-9E0B-0F69411D282C" otype="Entity" vid="83EE6288-015F-EA35-37B8-AA45A5D8C4F3">
<hideElementsInCurrentOnly>false</hideElementsInCurrentOnly>
<bounds x="66" y="93" width="157" height="96"/>
</OView>
<OView class="oracle.dbtools.crest.swingui.TVNote" oid="FDDFD815-1ECE-142A-AC58-4E042DE806A9" otype="Note" vid="8F74C17B-66F9-D601-F186-D0CF9F86E774">
<hideElementsInCurrentOnly>false</hideElementsInCurrentOnly>
<bounds x="43" y="16" width="254" height="65"/>
<comment>De cada pinacoteca se desea saber el nombre (que se supone único), la ciudad en que se encuentra, la dirección y el área en metros cuadrados que tiene.</comment>
</OView>
</objectViews>
<connectors>
<Connector class="oracle.dbtools.crest.swingui.logical.TVRelation" oid="A645FCBB-7949-CA21-32AF-122981194596" otype="Relation" vid_source="977BB803-4458-4CBF-295D-0334DCC61D6D" vid_target="977BB803-4458-4CBF-295D-0334DCC61D6D">
<hideElementsInCurrentOnly>false</hideElementsInCurrentOnly>
<backgroundColor>-16777216</backgroundColor>
<lineWidth>1</lineWidth>
<points>
<point x="536" y="362"/>
<point x="561" y="362"/>
<point x="561" y="433"/>
<point x="466" y="433"/>
<point x="466" y="408"/>
</points>
</Connector>
<Connector class="oracle.dbtools.crest.swingui.logical.TVRelation" oid="B8D9A636-0729-4B5E-29FA-668B908612A7" otype="Relation" vid_source="83EE6288-015F-EA35-37B8-AA45A5D8C4F3" vid_target="492FF00C-DEBA-D06E-938A-3549B8F51DC7">
<hideElementsInCurrentOnly>false</hideElementsInCurrentOnly>
<backgroundColor>-16777216</backgroundColor>
<lineWidth>1</lineWidth>
<points>
<point x="223" y="142"/>
<point x="373" y="142"/>
</points>
</Connector>
<Connector class="oracle.dbtools.crest.swingui.logical.TVRelation" oid="DB21556A-4F8A-7A25-F808-6BC38FD70246" otype="Relation" vid_source="977BB803-4458-4CBF-295D-0334DCC61D6D" vid_target="492FF00C-DEBA-D06E-938A-3549B8F51DC7">
<hideElementsInCurrentOnly>false</hideElementsInCurrentOnly>
<backgroundColor>-16777216</backgroundColor>
<lineWidth>1</lineWidth>
<points>
<point x="454" y="298"/>
<point x="454" y="229"/>
</points>
</Connector>
</connectors>
</Diagram>