<?xml version = '1.0' encoding = 'UTF-8'?>
<relationalModel class="oracle.dbtools.crest.model.design.relational.RelationalDesign" name="Relational_1" id="B46B0E09-DC3F-ACA6-B445-D83A2AC6A172" mainViewID="85444E4C-DE21-90A7-2A06-7B162CCD3BB4">
<createdBy>Intel</createdBy>
<createdTime>2022-02-09 04:03:46 UTC</createdTime>
<ownerDesignName>serviciosGenerales2</ownerDesignName>
<shouldBeOpen>true</shouldBeOpen>
<selectedRDBMSSite>32076570-2523-435C-2E92-BF29817DFF70</selectedRDBMSSite>
</relationalModel>