<?xml version = '1.0' encoding = 'UTF-8'?>
<relationalModel class="oracle.dbtools.crest.model.design.relational.RelationalDesign" name="Relational_1(2)" id="B9B736CC-ED98-F109-8330-E394C7F372BB" mainViewID="620A29B8-7B78-B53A-2411-C7CA2221312A">
<createdBy>Intel</createdBy>
<createdTime>2022-02-09 04:06:08 UTC</createdTime>
<ownerDesignName>serviciosGenerales2</ownerDesignName>
<shouldBeOpen>true</shouldBeOpen>
<selectedRDBMSSite>32076570-2523-435C-2E92-BF29817DFF70</selectedRDBMSSite>
</relationalModel>