<?xml version = '1.0' encoding = 'UTF-8'?>
<FKIndexAssociation class="oracle.dbtools.crest.model.design.relational.FKIndexAssociation" directorySegmentName="seg_0" id="0183286D-5853-1B60-FB3E-25BC36CAAF41" containerWithKeyObject="2AA1E5DC-650E-4C88-4FA2-2FCA1A719131" localFKIndex="218B3EC2-6F57-518F-096E-473EF2A57AA7" name="OPERARIO_POSTULANTE_FK">
<createdBy>yvasquez</createdBy>
<createdTime>2022-02-14 01:05:05 UTC</createdTime>
<generatorID>C361AF6C-EA52-7C38-353B-2C828207E002</generatorID>
<ownerDesignName>G2_TF_E22A</ownerDesignName>
<referredTableLongName>POSTULANTE</referredTableLongName>
<deleteRule>NO ACTION</deleteRule>
<referredTableID>546C097E-400C-08C5-5E91-31B8B46362E3</referredTableID>
<keyObject>C56D7C27-ACE9-7ACD-36C5-15A6C1FD9692</keyObject>
<referredKeyID>C56D7C27-ACE9-7ACD-36C5-15A6C1FD9692</referredKeyID>
<mandatory>true</mandatory>
<refColNames>Nu_DNI</refColNames>
<transferable>true</transferable>
<rely>false</rely>
<columnDependencyConstraintGenerateInDDL>true</columnDependencyConstraintGenerateInDDL>
</FKIndexAssociation>