<?xml version = '1.0' encoding = 'UTF-8'?>
<FKIndexAssociation class="oracle.dbtools.crest.model.design.relational.FKIndexAssociation" directorySegmentName="seg_0" id="4413A31D-453F-098C-FE38-5535EF315DFF" containerWithKeyObject="713CF227-3EDD-D073-94CD-80225D4D9E68" localFKIndex="DE973D65-38DB-6453-360A-8ACBDD996730" name="MAESTRO_OPERARIO_FK">
<createdBy>yvasquez</createdBy>
<createdTime>2022-02-14 01:05:05 UTC</createdTime>
<generatorID>80A912A9-FFF7-C6BB-4359-005900D51F29</generatorID>
<ownerDesignName>G2_TF_E22A</ownerDesignName>
<referredTableLongName>OPERARIO</referredTableLongName>
<arc>0BA3FA07-5B6B-CD35-3341-16597FF94C77</arc>
<deleteRule>NO ACTION</deleteRule>
<referredTableID>2AA1E5DC-650E-4C88-4FA2-2FCA1A719131</referredTableID>
<keyObject>88A9A5D7-DDBE-E5F3-849A-1339CF096F9C</keyObject>
<referredKeyID>88A9A5D7-DDBE-E5F3-849A-1339CF096F9C</referredKeyID>
<mandatory>true</mandatory>
<refColNames>Nu_DNI</refColNames>
<transferable>true</transferable>
<rely>false</rely>
<columnDependencyConstraintGenerateInDDL>true</columnDependencyConstraintGenerateInDDL>
</FKIndexAssociation>