<?xml version = '1.0' encoding = 'UTF-8'?>
<FKIndexAssociation class="oracle.dbtools.crest.model.design.relational.FKIndexAssociation" directorySegmentName="seg_0" id="4AD6FBAC-4E6E-ED87-7F1C-7B976E6B5794" containerWithKeyObject="1871402E-467D-CA93-3577-F1E3130FE8D5" localFKIndex="4463390C-93D0-ECC2-75F8-F3DBF4611B2F" name="SOLICITUD_SERVICIO_MAESTRO_APRENDIZ_SOLICITUD_FK">
<createdBy>yvasquez</createdBy>
<createdTime>2022-02-14 01:05:05 UTC</createdTime>
<generatorID>45FE4650-746D-674B-150F-C17C372AB4DF</generatorID>
<ownerDesignName>G2_TF_E22A</ownerDesignName>
<referredTableLongName>SOLICITUD</referredTableLongName>
<deleteRule>NO ACTION</deleteRule>
<referredTableID>C5581C26-6028-98E6-B2B1-298EBEF3F0BC</referredTableID>
<keyObject>CBA9A035-EB27-59EE-CC35-AB992C84F04B</keyObject>
<referredKeyID>CBA9A035-EB27-59EE-CC35-AB992C84F04B</referredKeyID>
<mandatory>true</mandatory>
<refColNames>Co_Solicitud</refColNames>
<transferable>true</transferable>
<rely>false</rely>
<columnDependencyConstraintGenerateInDDL>true</columnDependencyConstraintGenerateInDDL>
</FKIndexAssociation>