<?xml version = '1.0' encoding = 'UTF-8'?>
<FKIndexAssociation class="oracle.dbtools.crest.model.design.relational.FKIndexAssociation" directorySegmentName="seg_0" id="5B0D0551-0B7A-B347-C8D2-BF823AA3098F" containerWithKeyObject="1871402E-467D-CA93-3577-F1E3130FE8D5" localFKIndex="6831CEC4-7CA6-44A7-6E83-394B733A2FA5" name="SOLICITUD_SERVICIO_MAESTRO_APRENDIZ_APRENDIZ_FK">
<createdBy>yvasquez</createdBy>
<createdTime>2022-02-14 01:05:05 UTC</createdTime>
<generatorID>F9A848F1-7249-2C8E-E456-29B0226DB785</generatorID>
<ownerDesignName>G2_TF_E22A</ownerDesignName>
<referredTableLongName>APRENDIZ</referredTableLongName>
<deleteRule>NO ACTION</deleteRule>
<referredTableID>965B9635-A6AA-5FA9-7A65-7354FE07E8F9</referredTableID>
<keyObject>E99C2539-F280-9455-63E9-D70844512F7F</keyObject>
<referredKeyID>E99C2539-F280-9455-63E9-D70844512F7F</referredKeyID>
<mandatory>true</mandatory>
<refColNames>Nu_DNI</refColNames>
<transferable>true</transferable>
<rely>false</rely>
<columnDependencyConstraintGenerateInDDL>true</columnDependencyConstraintGenerateInDDL>
</FKIndexAssociation>