<?xml version = '1.0' encoding = 'UTF-8'?>
<FKIndexAssociation class="oracle.dbtools.crest.model.design.relational.FKIndexAssociation" directorySegmentName="seg_0" id="7AD1A928-9E33-1548-B169-90E2BDDE09A5" containerWithKeyObject="EE253029-3923-98B2-1087-404322547D5D" localFKIndex="E3230EAC-444F-5183-8EE6-B8B02DAC2C0B" name="HERRAMIENTA_POR_TAREA_HERRAMIENTA_FK">
<createdBy>yvasquez</createdBy>
<createdTime>2022-02-14 01:05:05 UTC</createdTime>
<generatorID>DFD2397F-87F1-7469-6B15-4D0300086D7F</generatorID>
<ownerDesignName>G2_TF_E22A</ownerDesignName>
<referredTableLongName>HERRAMIENTA</referredTableLongName>
<deleteRule>NO ACTION</deleteRule>
<referredTableID>0DC0A341-CD3E-9BF9-3CB5-E68FC8C59218</referredTableID>
<keyObject>ABD53C67-8C4A-BEC2-D174-D9B44C9F4394</keyObject>
<referredKeyID>ABD53C67-8C4A-BEC2-D174-D9B44C9F4394</referredKeyID>
<mandatory>true</mandatory>
<refColNames>Co_Herramienta</refColNames>
<transferable>true</transferable>
<rely>false</rely>
<columnDependencyConstraintGenerateInDDL>true</columnDependencyConstraintGenerateInDDL>
</FKIndexAssociation>