<?xml version = '1.0' encoding = 'UTF-8'?>
<FKIndexAssociation class="oracle.dbtools.crest.model.design.relational.FKIndexAssociation" directorySegmentName="seg_0" id="83E99A4B-C243-9BCF-6F86-85953D5CFFB2" containerWithKeyObject="936447AA-CFC8-AF8C-AD86-10E172F2EBFE" localFKIndex="15C6E71B-8B3E-9DF4-9DBD-2EA7B9283EC0" name="INFORME_GENERAL_SOLICITUD_FK">
<createdBy>yvasquez</createdBy>
<createdTime>2022-02-14 01:05:05 UTC</createdTime>
<generatorID>44CA179A-B22B-8AF0-9102-DE9819F3EB98</generatorID>
<ownerDesignName>G2_TF_E22A</ownerDesignName>
<referredTableLongName>SOLICITUD</referredTableLongName>
<deleteRule>NO ACTION</deleteRule>
<referredTableID>C5581C26-6028-98E6-B2B1-298EBEF3F0BC</referredTableID>
<keyObject>CBA9A035-EB27-59EE-CC35-AB992C84F04B</keyObject>
<referredKeyID>CBA9A035-EB27-59EE-CC35-AB992C84F04B</referredKeyID>
<mandatory>true</mandatory>
<refColNames>Co_Solicitud</refColNames>
<transferable>true</transferable>
<rely>false</rely>
<columnDependencyConstraintGenerateInDDL>true</columnDependencyConstraintGenerateInDDL>
</FKIndexAssociation>