<?xml version = '1.0' encoding = 'UTF-8'?>
<FKIndexAssociation class="oracle.dbtools.crest.model.design.relational.FKIndexAssociation" directorySegmentName="seg_0" id="86B251EE-AF12-CAFF-570B-22DD2B51A8CD" containerWithKeyObject="1871402E-467D-CA93-3577-F1E3130FE8D5" localFKIndex="D3631C06-A79A-FD54-1109-38B5B6100CB2" name="SOLICITUD_SERVICIO_MAESTRO_APRENDIZ_MAESTRO_FK">
<createdBy>yvasquez</createdBy>
<createdTime>2022-02-14 01:05:05 UTC</createdTime>
<generatorID>99BDDD32-18D2-C8F6-F0C5-6E8788DFE985</generatorID>
<ownerDesignName>G2_TF_E22A</ownerDesignName>
<referredTableLongName>MAESTRO</referredTableLongName>
<deleteRule>NO ACTION</deleteRule>
<referredTableID>713CF227-3EDD-D073-94CD-80225D4D9E68</referredTableID>
<keyObject>AB413B50-4DAB-4D01-1E9B-E4E538E9765F</keyObject>
<referredKeyID>AB413B50-4DAB-4D01-1E9B-E4E538E9765F</referredKeyID>
<mandatory>true</mandatory>
<refColNames>Nu_DNI</refColNames>
<transferable>true</transferable>
<rely>false</rely>
<columnDependencyConstraintGenerateInDDL>true</columnDependencyConstraintGenerateInDDL>
</FKIndexAssociation>