<?xml version = '1.0' encoding = 'UTF-8'?>
<FKIndexAssociation class="oracle.dbtools.crest.model.design.relational.FKIndexAssociation" directorySegmentName="seg_0" id="92D5443B-8E94-3757-A548-59CA2A3CCEAA" containerWithKeyObject="C0730D1A-AE67-D35B-5844-340D4F67524E" localFKIndex="7915703B-AAB9-6595-791F-DD494D158784" name="Relation_19_ESPECIALIDAD_FK">
<createdBy>yvasquez</createdBy>
<createdTime>2022-02-14 01:05:05 UTC</createdTime>
<generatorID>1428F4AB-588D-2F28-5A34-5B12BF8296E1</generatorID>
<ownerDesignName>G2_TF_E22A</ownerDesignName>
<referredTableLongName>ESPECIALIDAD</referredTableLongName>
<deleteRule>NO ACTION</deleteRule>
<referredTableID>3FCC445D-1733-5C08-411D-D4824CBE9E08</referredTableID>
<keyObject>49E9CA40-E9C9-49F2-4AD8-437639F81D25</keyObject>
<referredKeyID>49E9CA40-E9C9-49F2-4AD8-437639F81D25</referredKeyID>
<mandatory>true</mandatory>
<refColNames>Co_Especialidad</refColNames>
<transferable>true</transferable>
<rely>false</rely>
<columnDependencyConstraintGenerateInDDL>true</columnDependencyConstraintGenerateInDDL>
</FKIndexAssociation>