<?xml version = '1.0' encoding = 'UTF-8'?>
<FKIndexAssociation class="oracle.dbtools.crest.model.design.relational.FKIndexAssociation" directorySegmentName="seg_0" id="A6285A96-BDDA-A56D-8C1B-1528381CA611" containerWithKeyObject="965B9635-A6AA-5FA9-7A65-7354FE07E8F9" localFKIndex="1908EEF0-9564-87C3-A8EE-D4B59DC8AEE6" name="APRENDIZ_OPERARIO_FK">
<createdBy>yvasquez</createdBy>
<createdTime>2022-02-14 01:05:05 UTC</createdTime>
<generatorID>58AA40B1-0AEB-45D9-1F3D-7DEE5F507F43</generatorID>
<ownerDesignName>G2_TF_E22A</ownerDesignName>
<referredTableLongName>OPERARIO</referredTableLongName>
<arc>0BA3FA07-5B6B-CD35-3341-16597FF94C77</arc>
<deleteRule>NO ACTION</deleteRule>
<referredTableID>2AA1E5DC-650E-4C88-4FA2-2FCA1A719131</referredTableID>
<keyObject>88A9A5D7-DDBE-E5F3-849A-1339CF096F9C</keyObject>
<referredKeyID>88A9A5D7-DDBE-E5F3-849A-1339CF096F9C</referredKeyID>
<mandatory>true</mandatory>
<refColNames>Nu_DNI</refColNames>
<transferable>true</transferable>
<rely>false</rely>
<columnDependencyConstraintGenerateInDDL>true</columnDependencyConstraintGenerateInDDL>
</FKIndexAssociation>