<?xml version = '1.0' encoding = 'UTF-8'?>
<FKIndexAssociation class="oracle.dbtools.crest.model.design.relational.FKIndexAssociation" directorySegmentName="seg_0" id="A93206DD-7D59-4FB2-05E7-28BE20E09CB3" containerWithKeyObject="C5581C26-6028-98E6-B2B1-298EBEF3F0BC" localFKIndex="10F85E2D-201F-CA64-0B29-14069D9428D4" name="SOLICITUD_CLIENTE_FK">
<createdBy>yvasquez</createdBy>
<createdTime>2022-02-14 01:05:05 UTC</createdTime>
<generatorID>9A9A6C0C-81F2-EA87-7EF5-6F3BA5BAC2AE</generatorID>
<ownerDesignName>G2_TF_E22A</ownerDesignName>
<referredTableLongName>CLIENTE</referredTableLongName>
<deleteRule>NO ACTION</deleteRule>
<referredTableID>100B2AF7-7600-9CD5-E2A8-77A0A7C766E2</referredTableID>
<keyObject>58A43D76-835D-73FD-8686-76DF7ED7734B</keyObject>
<referredKeyID>58A43D76-835D-73FD-8686-76DF7ED7734B</referredKeyID>
<mandatory>true</mandatory>
<refColNames>Co_Cliente</refColNames>
<transferable>true</transferable>
<rely>false</rely>
<columnDependencyConstraintGenerateInDDL>true</columnDependencyConstraintGenerateInDDL>
</FKIndexAssociation>