<?xml version = '1.0' encoding = 'UTF-8'?>
<FKIndexAssociation class="oracle.dbtools.crest.model.design.relational.FKIndexAssociation" directorySegmentName="seg_0" id="B7D06B11-344B-4636-F0F0-5E8A366E02A3" containerWithKeyObject="CBEC93E3-CC9C-333C-9969-51C76537BEE3" localFKIndex="79B244A7-C395-8062-F05E-6465F3A1B4F3" name="INFORME_POR_SERVICIO_SOLICITUD_FK">
<createdBy>yvasquez</createdBy>
<createdTime>2022-02-14 01:05:05 UTC</createdTime>
<generatorID>B73EA99B-3244-C1A7-8FFB-153D1ED8C311</generatorID>
<ownerDesignName>G2_TF_E22A</ownerDesignName>
<referredTableLongName>SOLICITUD</referredTableLongName>
<deleteRule>NO ACTION</deleteRule>
<referredTableID>C5581C26-6028-98E6-B2B1-298EBEF3F0BC</referredTableID>
<keyObject>CBA9A035-EB27-59EE-CC35-AB992C84F04B</keyObject>
<referredKeyID>CBA9A035-EB27-59EE-CC35-AB992C84F04B</referredKeyID>
<mandatory>true</mandatory>
<refColNames>Co_Solicitud</refColNames>
<transferable>true</transferable>
<rely>false</rely>
<columnDependencyConstraintGenerateInDDL>true</columnDependencyConstraintGenerateInDDL>
</FKIndexAssociation>