<?xml version = '1.0' encoding = 'UTF-8'?>
<FKIndexAssociation class="oracle.dbtools.crest.model.design.relational.FKIndexAssociation" directorySegmentName="seg_0" id="B99ADD88-7B5A-C1F2-1BFF-7B7A2D803907" containerWithKeyObject="22821AFC-FBDD-CF1A-E7D0-1666798A7795" localFKIndex="35B290AF-97D4-6186-6562-49881B8D0EEB" name="INSUMO_POR_TAREA_INSUMO_FK">
<createdBy>yvasquez</createdBy>
<createdTime>2022-02-14 01:05:05 UTC</createdTime>
<generatorID>8895C84F-9F7F-2D20-AC26-FE424BF8A01F</generatorID>
<ownerDesignName>G2_TF_E22A</ownerDesignName>
<referredTableLongName>INSUMO</referredTableLongName>
<deleteRule>NO ACTION</deleteRule>
<referredTableID>ACC1C0A9-795A-ADEE-0B4B-2EFBA788CD45</referredTableID>
<keyObject>DF7A5B2F-9D75-F288-29B0-67E39F51383D</keyObject>
<referredKeyID>DF7A5B2F-9D75-F288-29B0-67E39F51383D</referredKeyID>
<mandatory>true</mandatory>
<refColNames>Co_Insumo</refColNames>
<transferable>true</transferable>
<rely>false</rely>
<columnDependencyConstraintGenerateInDDL>true</columnDependencyConstraintGenerateInDDL>
</FKIndexAssociation>