<?xml version = '1.0' encoding = 'UTF-8'?>
<FKIndexAssociation class="oracle.dbtools.crest.model.design.relational.FKIndexAssociation" directorySegmentName="seg_0" id="CF6497CD-3159-7807-B22C-D63A0164178E" containerWithKeyObject="1871402E-467D-CA93-3577-F1E3130FE8D5" localFKIndex="5B95ACF3-B705-EA9B-3F6B-AA0578D9C5EF" name="SOLICITUD_SERVICIO_MAESTRO_APRENDIZ_SERVICIO_FK">
<createdBy>yvasquez</createdBy>
<createdTime>2022-02-14 01:05:05 UTC</createdTime>
<generatorID>F2DBA6F9-0A36-5E1D-4221-A10835C99D84</generatorID>
<ownerDesignName>G2_TF_E22A</ownerDesignName>
<referredTableLongName>SERVICIO</referredTableLongName>
<deleteRule>NO ACTION</deleteRule>
<referredTableID>49606C34-12C8-988F-CA22-FD0FF7567859</referredTableID>
<keyObject>EA9A8CBE-8FFC-6465-32B6-FA8F65718C41</keyObject>
<referredKeyID>EA9A8CBE-8FFC-6465-32B6-FA8F65718C41</referredKeyID>
<mandatory>true</mandatory>
<refColNames>Co_Servicio</refColNames>
<transferable>true</transferable>
<rely>false</rely>
<columnDependencyConstraintGenerateInDDL>true</columnDependencyConstraintGenerateInDDL>
</FKIndexAssociation>