<?xml version = '1.0' encoding = 'UTF-8'?>
<FKIndexAssociation class="oracle.dbtools.crest.model.design.relational.FKIndexAssociation" directorySegmentName="seg_0" id="D3A6E284-0C59-A842-1E1A-515AB0793C72" containerWithKeyObject="C5581C26-6028-98E6-B2B1-298EBEF3F0BC" localFKIndex="B643FE66-57B7-D14E-A6FF-9A6F6092CE72" name="SOLICITUD_MAESTRO_FK">
<createdBy>yvasquez</createdBy>
<createdTime>2022-02-14 01:05:05 UTC</createdTime>
<generatorID>2D302A94-8EBC-265C-4C01-EBAC77BC5ADD</generatorID>
<ownerDesignName>G2_TF_E22A</ownerDesignName>
<referredTableLongName>MAESTRO</referredTableLongName>
<deleteRule>NO ACTION</deleteRule>
<referredTableID>713CF227-3EDD-D073-94CD-80225D4D9E68</referredTableID>
<keyObject>AB413B50-4DAB-4D01-1E9B-E4E538E9765F</keyObject>
<referredKeyID>AB413B50-4DAB-4D01-1E9B-E4E538E9765F</referredKeyID>
<mandatory>false</mandatory>
<refColNames>Nu_DNI</refColNames>
<transferable>true</transferable>
<rely>false</rely>
<columnDependencyConstraintGenerateInDDL>true</columnDependencyConstraintGenerateInDDL>
</FKIndexAssociation>