<?xml version = '1.0' encoding = 'UTF-8'?>
<FKIndexAssociation class="oracle.dbtools.crest.model.design.relational.FKIndexAssociation" directorySegmentName="seg_0" id="E17255CF-303A-B327-ACBD-363DB3BB4110" containerWithKeyObject="088B123C-8446-FEAA-AA5B-66145520B8D3" localFKIndex="D7582380-910E-4377-2BCF-BCE530A8217E" name="TAREA_SERVICIO_FK">
<createdBy>yvasquez</createdBy>
<createdTime>2022-02-14 01:05:05 UTC</createdTime>
<generatorID>0CC06802-17FB-5C5D-8FFC-35603C581B34</generatorID>
<ownerDesignName>G2_TF_E22A</ownerDesignName>
<referredTableLongName>SERVICIO</referredTableLongName>
<deleteRule>NO ACTION</deleteRule>
<referredTableID>49606C34-12C8-988F-CA22-FD0FF7567859</referredTableID>
<keyObject>EA9A8CBE-8FFC-6465-32B6-FA8F65718C41</keyObject>
<referredKeyID>EA9A8CBE-8FFC-6465-32B6-FA8F65718C41</referredKeyID>
<mandatory>true</mandatory>
<refColNames>Co_Servicio</refColNames>
<transferable>true</transferable>
<rely>false</rely>
<columnDependencyConstraintGenerateInDDL>true</columnDependencyConstraintGenerateInDDL>
</FKIndexAssociation>