<?xml version = '1.0' encoding = 'UTF-8'?>
<FKIndexAssociation class="oracle.dbtools.crest.model.design.relational.FKIndexAssociation" directorySegmentName="seg_0" id="E93C38B4-C2B0-074C-DB5B-F806A4FF0D40" containerWithKeyObject="22821AFC-FBDD-CF1A-E7D0-1666798A7795" localFKIndex="F1A5BAEF-9187-C6D8-99EA-1857E170F1F6" name="INSUMO_POR_TAREA_INFORME_POR_SERVICIO_FK">
<createdBy>yvasquez</createdBy>
<createdTime>2022-02-14 01:05:05 UTC</createdTime>
<generatorID>2F09A8A5-E507-85A9-A832-5148ED090492</generatorID>
<ownerDesignName>G2_TF_E22A</ownerDesignName>
<referredTableLongName>INFORME_POR_SERVICIO</referredTableLongName>
<deleteRule>NO ACTION</deleteRule>
<referredTableID>CBEC93E3-CC9C-333C-9969-51C76537BEE3</referredTableID>
<keyObject>7843742E-49BC-0FC4-6C3E-1C26A59AE4B1</keyObject>
<referredKeyID>7843742E-49BC-0FC4-6C3E-1C26A59AE4B1</referredKeyID>
<mandatory>true</mandatory>
<refColNames>TAREA_Co_Tarea,TAREA_SERVICIO_Co_Servicio,SOLICITUD_Co_Solicitud</refColNames>
<transferable>true</transferable>
<rely>false</rely>
<columnDependencyConstraintGenerateInDDL>true</columnDependencyConstraintGenerateInDDL>
</FKIndexAssociation>