<?xml version = '1.0' encoding = 'UTF-8'?>
<FKIndexAssociation class="oracle.dbtools.crest.model.design.relational.FKIndexAssociation" directorySegmentName="seg_0" id="E9849ACF-B52D-4928-78D9-398700502D10" containerWithKeyObject="CBEC93E3-CC9C-333C-9969-51C76537BEE3" localFKIndex="E2CBD547-03CA-D5C2-1A44-92112B4C2765" name="INFORME_POR_SERVICIO_TAREA_FK">
<createdBy>yvasquez</createdBy>
<createdTime>2022-02-14 01:05:05 UTC</createdTime>
<generatorID>5E5E8C3F-417B-4C2E-1864-6ABE40EE9512</generatorID>
<ownerDesignName>G2_TF_E22A</ownerDesignName>
<referredTableLongName>TAREA</referredTableLongName>
<deleteRule>NO ACTION</deleteRule>
<referredTableID>088B123C-8446-FEAA-AA5B-66145520B8D3</referredTableID>
<keyObject>761866C0-F580-D857-E139-0BEFC85874A7</keyObject>
<referredKeyID>761866C0-F580-D857-E139-0BEFC85874A7</referredKeyID>
<mandatory>true</mandatory>
<refColNames>Co_Tarea,SERVICIO_Co_Servicio</refColNames>
<transferable>true</transferable>
<rely>false</rely>
<columnDependencyConstraintGenerateInDDL>true</columnDependencyConstraintGenerateInDDL>
</FKIndexAssociation>