<?xml version = '1.0' encoding = 'UTF-8'?>
<FKIndexAssociation class="oracle.dbtools.crest.model.design.relational.FKIndexAssociation" directorySegmentName="seg_0" id="EEDED6F2-3753-27BF-1798-794A82FCD6CE" containerWithKeyObject="C0730D1A-AE67-D35B-5844-340D4F67524E" localFKIndex="BFE89435-479D-B71F-C651-9F2CBBE95143" name="Relation_19_MAESTRO_FK">
<createdBy>yvasquez</createdBy>
<createdTime>2022-02-14 01:05:05 UTC</createdTime>
<generatorID>1428F4AB-588D-2F28-5A34-5B12BF8296E1</generatorID>
<ownerDesignName>G2_TF_E22A</ownerDesignName>
<referredTableLongName>MAESTRO</referredTableLongName>
<deleteRule>NO ACTION</deleteRule>
<referredTableID>713CF227-3EDD-D073-94CD-80225D4D9E68</referredTableID>
<keyObject>AB413B50-4DAB-4D01-1E9B-E4E538E9765F</keyObject>
<referredKeyID>AB413B50-4DAB-4D01-1E9B-E4E538E9765F</referredKeyID>
<mandatory>true</mandatory>
<refColNames>Nu_DNI</refColNames>
<transferable>true</transferable>
<rely>false</rely>
<columnDependencyConstraintGenerateInDDL>true</columnDependencyConstraintGenerateInDDL>
</FKIndexAssociation>