<?xml version = '1.0' encoding = 'UTF-8'?>
<FKIndexAssociation class="oracle.dbtools.crest.model.design.relational.FKIndexAssociation" directorySegmentName="seg_0" id="F70BB64F-17EB-D0DE-FFA5-56C0945B66DF" containerWithKeyObject="EE253029-3923-98B2-1087-404322547D5D" localFKIndex="D51C2B70-88D9-8DB0-7F24-B83CF16D7B3E" name="HERRAMIENTA_POR_TAREA_INFORME_POR_SERVICIO_FK">
<createdBy>yvasquez</createdBy>
<createdTime>2022-02-14 01:05:05 UTC</createdTime>
<generatorID>5E03AF9F-594F-ACC4-5520-7BB44C5AEDDD</generatorID>
<ownerDesignName>G2_TF_E22A</ownerDesignName>
<referredTableLongName>INFORME_POR_SERVICIO</referredTableLongName>
<deleteRule>NO ACTION</deleteRule>
<referredTableID>CBEC93E3-CC9C-333C-9969-51C76537BEE3</referredTableID>
<keyObject>7843742E-49BC-0FC4-6C3E-1C26A59AE4B1</keyObject>
<referredKeyID>7843742E-49BC-0FC4-6C3E-1C26A59AE4B1</referredKeyID>
<mandatory>true</mandatory>
<refColNames>TAREA_Co_Tarea,TAREA_SERVICIO_Co_Servicio,SOLICITUD_Co_Solicitud</refColNames>
<transferable>true</transferable>
<rely>false</rely>
<columnDependencyConstraintGenerateInDDL>true</columnDependencyConstraintGenerateInDDL>
</FKIndexAssociation>