<?xml version = '1.0' encoding = 'UTF-8'?>
<Diagram class="oracle.dbtools.crest.swingui.logical.DPVLogical" name="Logical" id="850B731A-DB44-A732-41A9-77846F7DBFD6">
<createdBy>rosan</createdBy>
<modifiedBy>rosan</modifiedBy>
<createdTime>2021-11-10 00:27:24 UTC</createdTime>
<autoRoute>false</autoRoute>
<boxInbox>false</boxInbox>
<showLegend>false</showLegend>
<showLabels>false</showLabels>
<showRelAttributes>false</showRelAttributes>
<gridEnabled>false</gridEnabled>
<showGrid>false</showGrid>
<diagramColor>-1</diagramColor>
<display>false</display>
<notation>0</notation>
<showAllDetails>false</showAllDetails>
<showElements>true</showElements>
<objectViews>
<OView class="oracle.dbtools.crest.swingui.logical.TVEntity" oid="003B4A6F-BB17-BCC0-933E-AB6D235C0FB2" otype="Entity" vid="3F1794F6-FA48-B82B-E121-B26CA3CED089">
<hideElementsInCurrentOnly>false</hideElementsInCurrentOnly>
<bounds x="246" y="224" width="170" height="84"/>
</OView>
<OView class="oracle.dbtools.crest.swingui.TVNote" oid="192D7919-0AE6-E2EC-76B5-A190445A38AB" otype="Note" vid="D0C6B2A8-7081-8A3F-115F-FE61A300FBC1">
<hideElementsInCurrentOnly>false</hideElementsInCurrentOnly>
<bounds x="710" y="493" width="436" height="142"/>
<comment>Las zonas de observación tienen un código de zona que es único. También se quiere saber el nombre de la misma, la provincia a la que pertenece, y el tipo (si es laguna, río, zona pantanosa, etc.). En cada zona se encuentra por lo menos un observador, y si existe más de uno en la misma zona podrían ser de la misma o de distintas asociaciones ornitológicas. Cada observador está asignado a una determinada zona (y solo a una).


--En cada zona se encuentra por lo menos un observador: 1..*
--Cada observador está asignado a una determinada zona (y solo a una).</comment>
</OView>
<OView class="oracle.dbtools.crest.swingui.logical.TVEntity" oid="1C274205-5B6F-BBD1-0836-81978F8AFA87" otype="Entity" vid="8C3B0415-121C-71AB-BCEA-02816DE2A75E">
<hideElementsInCurrentOnly>false</hideElementsInCurrentOnly>
<bounds x="701" y="358" width="170" height="110"/>
</OView>
<OView class="oracle.dbtools.crest.swingui.logical.TVEntity" oid="3414514B-13EE-973A-612D-73F9CE8D5FA2" otype="Entity" vid="EF8C6649-E2E9-2818-4884-2F8994A02750">
<hideElementsInCurrentOnly>false</hideElementsInCurrentOnly>
<bounds x="506" y="51" width="170" height="110"/>
</OView>
<OView class="oracle.dbtools.crest.swingui.logical.TVEntity" oid="3B5D96FE-871D-CA2B-1EDB-F6A495B7995B" otype="Entity" vid="A0CD8760-B1B1-CB25-F5AD-45CB73EBE5A6">
<hideElementsInCurrentOnly>false</hideElementsInCurrentOnly>
<bounds x="149" y="46" width="170" height="110"/>
</OView>
<OView class="oracle.dbtools.crest.swingui.logical.TVEntity" oid="52E3DA30-C6C9-8562-E97B-AFFBA26484EF" otype="Entity" vid="AB17FF02-7E26-399E-124B-149087E1A808">
<hideElementsInCurrentOnly>false</hideElementsInCurrentOnly>
<bounds x="144" y="373" width="170" height="110"/>
</OView>
<OView class="oracle.dbtools.crest.swingui.TVNote" oid="5826FDDA-4C03-1180-8391-DE0187606BCA" otype="Note" vid="8BD752DD-681F-E106-7945-77D98C35B24F">
<hideElementsInCurrentOnly>false</hideElementsInCurrentOnly>
<bounds x="898" y="369" width="275" height="101"/>
<comment>Cada una de estas asociaciones consta de un grupo de personas, los observadores, que son los que realizan los avistamientos de las distintas especies. De los observadores se requiere su código de observador, su DNI, el nombre completo y la dirección. Un observador solamente puede estar inscrito en una asociación.</comment>
</OView>
<OView class="oracle.dbtools.crest.swingui.TVNote" oid="5C25DE3D-3BCF-4AA1-8D02-D8B7ACCC2E09" otype="Note" vid="B49A34D6-4C07-D59F-888D-5D5A520C03EF">
<hideElementsInCurrentOnly>false</hideElementsInCurrentOnly>
<bounds x="339" y="6" width="305" height="46"/>
<comment>Cada especie de ave esta siempre asignada a un solo grupo ornitológico</comment>
</OView>
<OView class="oracle.dbtools.crest.swingui.TVNote" oid="5DFBF99A-93CE-1C91-FBE7-8EC4D53EF349" otype="Note" vid="11E3EE9A-BAB7-DEDF-97E9-78D4FECAC519">
<hideElementsInCurrentOnly>false</hideElementsInCurrentOnly>
<bounds x="971" y="119" width="398" height="190"/>
<comment>También se desea guardar información acerca de la fecha en la que el observador divisa una determinada especie, teniendo en cuenta que estos solamente registran el primer avistamiento de cada especie por día. Es decir, si en un día un observador divisa una especie en la mañana, en la tarde y luego al anochecer, solamente registra un avistamiento. 



Esta información es muy importante para controlar las especies de aves que existen en nuestra selva, y por tanto tendremos que guardar las observaciones, aunque los observadores ya no se encuentren activos.</comment>
</OView>
<OView class="oracle.dbtools.crest.swingui.logical.TVEntity" oid="891C5907-63FF-3730-5E83-97AA02659535" otype="Entity" vid="6F56521D-8035-BD9C-D078-4B446F4B3FE5">
<hideElementsInCurrentOnly>false</hideElementsInCurrentOnly>
<bounds x="459" y="234" width="170" height="128"/>
</OView>
<OView class="oracle.dbtools.crest.swingui.TVNote" oid="8A436333-4B19-CB11-FED9-718D73F4507B" otype="Note" vid="E3D388B1-DA5C-7037-7829-CEB57D6C74EE">
<hideElementsInCurrentOnly>false</hideElementsInCurrentOnly>
<bounds x="324" y="450" width="95" height="93"/>
<comment>NO IDENTIFICATIVA: el atributo PK del padre pasa como atributo a la entidad hija</comment>
</OView>
<OView class="oracle.dbtools.crest.swingui.TVNote" oid="913A9D3C-789E-2F40-B77A-09493D3AC321" otype="Note" vid="16573C67-D90F-B4D8-93BF-D0428D630591">
<hideElementsInCurrentOnly>false</hideElementsInCurrentOnly>
<bounds x="15" y="302" width="205" height="60"/>
<comment>Existen asociaciones ornitológicas de las cuales se quiere saber su nombre, la dirección y el teléfono</comment>
</OView>
<OView class="oracle.dbtools.crest.swingui.logical.TVEntity" oid="AE9CABA8-B993-C010-A4E0-BE1EADFCF6B0" otype="Entity" vid="F7168FEB-ADCC-F5AB-F2C2-470E17FDE1AB">
<hideElementsInCurrentOnly>false</hideElementsInCurrentOnly>
<bounds x="219" y="833" width="170" height="110"/>
</OView>
<OView class="oracle.dbtools.crest.swingui.TVNote" oid="AEC40343-9B7C-4E77-799C-51F5D6595C7D" otype="Note" vid="7F175791-08DE-66A3-A232-CA9B3F068CD0">
<hideElementsInCurrentOnly>false</hideElementsInCurrentOnly>
<bounds x="678" y="232" width="121" height="65"/>
<comment>IDENTIFICATIVA: El atributo PK del padre pasa como PK a la entidad hija</comment>
</OView>
<OView class="oracle.dbtools.crest.swingui.logical.TVEntity" oid="EF172AC4-47CB-0F7E-02FB-084BEF6EA6E1" otype="Entity" vid="6102F101-47CB-4565-81CC-79E60B13616B">
<hideElementsInCurrentOnly>false</hideElementsInCurrentOnly>
<bounds x="542" y="832" width="170" height="110"/>
</OView>
<OView class="oracle.dbtools.crest.swingui.TVNote" oid="F746D55F-F31C-0523-45D5-86805B4A1A77" otype="Note" vid="2504C672-90D2-BAAF-CC02-5C02966D6C84">
<hideElementsInCurrentOnly>false</hideElementsInCurrentOnly>
<bounds x="722" y="52" width="291" height="100"/>
<comment>AVISTAMIENTO

NoCientifico P    CoObservador P      FeAvisamiento P
Rupicola...         OB1                         09.11.2021
Rupicola...         OB1                         10.11.2021
Rupicola...         OB2                         10.11.2021</comment>
</OView>
</objectViews>
<connectors>
<Connector class="oracle.dbtools.crest.swingui.logical.TVRelation" oid="11B80800-F897-12F8-87B7-79BE3F00C9CD" otype="Relation" vid_source="AB17FF02-7E26-399E-124B-149087E1A808" vid_target="6F56521D-8035-BD9C-D078-4B446F4B3FE5">
<hideElementsInCurrentOnly>false</hideElementsInCurrentOnly>
<backgroundColor>-16777216</backgroundColor>
<lineWidth>1</lineWidth>
<points>
<point x="314" y="392"/>
<point x="459" y="333"/>
</points>
</Connector>
<Connector class="oracle.dbtools.crest.swingui.logical.TVRelation" oid="3CADD7DA-4159-E24A-67D0-C208FE7A8C31" otype="Relation" vid_source="6F56521D-8035-BD9C-D078-4B446F4B3FE5" vid_target="3F1794F6-FA48-B82B-E121-B26CA3CED089">
<hideElementsInCurrentOnly>false</hideElementsInCurrentOnly>
<backgroundColor>-16777216</backgroundColor>
<lineWidth>1</lineWidth>
<points>
<point x="459" y="271"/>
<point x="416" y="271"/>
</points>
</Connector>
<Connector class="oracle.dbtools.crest.swingui.logical.TVRelation" oid="520B5724-DFB1-8A94-0594-5A22D6D9AEE5" otype="Relation" vid_source="8C3B0415-121C-71AB-BCEA-02816DE2A75E" vid_target="6F56521D-8035-BD9C-D078-4B446F4B3FE5">
<hideElementsInCurrentOnly>false</hideElementsInCurrentOnly>
<backgroundColor>-16777216</backgroundColor>
<lineWidth>1</lineWidth>
<points>
<point x="701" y="360"/>
<point x="629" y="360"/>
</points>
</Connector>
<Connector class="oracle.dbtools.crest.swingui.logical.TVRelation" oid="6E52F304-301D-8AA9-7FEB-FD3625A7F5C9" otype="Relation" vid_source="A0CD8760-B1B1-CB25-F5AD-45CB73EBE5A6" vid_target="3F1794F6-FA48-B82B-E121-B26CA3CED089">
<hideElementsInCurrentOnly>false</hideElementsInCurrentOnly>
<backgroundColor>-16777216</backgroundColor>
<lineWidth>1</lineWidth>
<points>
<point x="282" y="156"/>
<point x="282" y="224"/>
</points>
</Connector>
<Connector class="oracle.dbtools.crest.swingui.logical.TVRelation" oid="91F8069C-D407-9C68-B150-EB0A2BA07C2F" otype="Relation" vid_source="EF8C6649-E2E9-2818-4884-2F8994A02750" vid_target="A0CD8760-B1B1-CB25-F5AD-45CB73EBE5A6">
<hideElementsInCurrentOnly>false</hideElementsInCurrentOnly>
<backgroundColor>-16777216</backgroundColor>
<lineWidth>1</lineWidth>
<points>
<point x="506" y="118"/>
<point x="319" y="118"/>
</points>
</Connector>
</connectors>
</Diagram>