<?xml version = '1.0' encoding = 'UTF-8'?>
<Table class="oracle.dbtools.crest.model.design.relational.Table" directorySegmentName="seg_0" id="088B123C-8446-FEAA-AA5B-66145520B8D3" name="TAREA">
<createdBy>yvasquez</createdBy>
<createdTime>2022-02-14 01:05:05 UTC</createdTime>
<generatorID>3D9737A7-9EB7-7675-D796-60A55C7A604A</generatorID>
<ownerDesignName>G2_TF_E22A</ownerDesignName>
<allowColumnReorder>false</allowColumnReorder>
<existDependencyGenerateInDDl>true</existDependencyGenerateInDDl>
<parsed>true</parsed>
<columns itemClass="oracle.dbtools.crest.model.design.relational.Column">
<Column name="Co_Tarea" id="3F2384A2-9514-C4B8-9D84-A50A03E4E063">
<createdBy>yvasquez</createdBy>
<createdTime>2022-02-14 01:05:05 UTC</createdTime>
<generatorID>D8FE9F62-5CCE-AAD3-6E70-CACEF491BB8E</generatorID>
<ownerDesignName>G2_TF_E22A</ownerDesignName>
<useDomainConstraints>false</useDomainConstraints>
<use>1</use>
<logicalDatatype>LOGDT019</logicalDatatype>
<ownDataTypeParameters>,,</ownDataTypeParameters>
<autoIncrementCycle>false</autoIncrementCycle>
</Column>
<Column name="SERVICIO_Co_Servicio" id="6CA2C37F-41EF-CBDC-309F-9A65528C80CB">
<createdBy>yvasquez</createdBy>
<createdTime>2022-02-14 01:05:05 UTC</createdTime>
<generatorID>4A1AB959-2358-E402-5FA0-9CFFB26FBE52</generatorID>
<ownerDesignName>G2_TF_E22A</ownerDesignName>
<useDomainConstraints>false</useDomainConstraints>
<use>1</use>
<ownDataTypeParameters>,,</ownDataTypeParameters>
<previousColumn>false</previousColumn>
<autoIncrementCycle>false</autoIncrementCycle>
<associations>
<colAssociation fkAssociation="E17255CF-303A-B327-ACBD-363DB3BB4110" referredColumn="74E77BEC-CAFB-AE3C-726A-506C169DC263"/>
</associations>
</Column>
<Column name="No_Tarea" id="4A5C5EA6-1A5E-8E88-2056-1F61F755923B">
<createdBy>yvasquez</createdBy>
<createdTime>2022-02-14 01:05:05 UTC</createdTime>
<generatorID>FA504859-D666-1889-248A-A7DB7B1F4C3C</generatorID>
<ownerDesignName>G2_TF_E22A</ownerDesignName>
<nullsAllowed>true</nullsAllowed>
<useDomainConstraints>false</useDomainConstraints>
<use>1</use>
<logicalDatatype>LOGDT024</logicalDatatype>
<ownDataTypeParameters>,,</ownDataTypeParameters>
<autoIncrementCycle>false</autoIncrementCycle>
</Column>
<Column name="Ss_Tarifa" id="8F7479BD-C4B1-407D-1295-8B0B561A1BD1">
<createdBy>yvasquez</createdBy>
<createdTime>2022-02-14 01:05:05 UTC</createdTime>
<generatorID>9A494D7A-7386-EA90-49D6-A324D192513B</generatorID>
<ownerDesignName>G2_TF_E22A</ownerDesignName>
<nullsAllowed>true</nullsAllowed>
<useDomainConstraints>false</useDomainConstraints>
<use>1</use>
<logicalDatatype>LOGDT019</logicalDatatype>
<ownDataTypeParameters>,,</ownDataTypeParameters>
<autoIncrementCycle>false</autoIncrementCycle>
</Column>
</columns>
<indexes itemClass="oracle.dbtools.crest.model.design.relational.Index">
<ind_PK_UK id="761866C0-F580-D857-E139-0BEFC85874A7" name="TAREA_PK">
<createdBy>yvasquez</createdBy>
<createdTime>2022-02-14 01:05:05 UTC</createdTime>
<generatorID>D291D4B6-C47F-FC38-D0EE-97695A7469E4</generatorID>
<ownerDesignName>G2_TF_E22A</ownerDesignName>
<pk>true</pk>
<indexState>Primary Constraint</indexState>
<isSurrogateKey>false</isSurrogateKey>
<indexColumnUsage>
<colUsage columnID="3F2384A2-9514-C4B8-9D84-A50A03E4E063"/>
<colUsage columnID="6CA2C37F-41EF-CBDC-309F-9A65528C80CB"/>
</indexColumnUsage>
</ind_PK_UK>
<ind_PK_UK id="D7582380-910E-4377-2BCF-BCE530A8217E" name="TAREA_SERVICIO_FK">
<createdBy>yvasquez</createdBy>
<createdTime>2022-02-14 01:05:05 UTC</createdTime>
<generatorID>0CC06802-17FB-5C5D-8FFC-35603C581B34</generatorID>
<ownerDesignName>G2_TF_E22A</ownerDesignName>
<indexState>Foreign Key</indexState>
<isSurrogateKey>false</isSurrogateKey>
<indexColumnUsage>
<colUsage columnID="6CA2C37F-41EF-CBDC-309F-9A65528C80CB"/>
</indexColumnUsage>
</ind_PK_UK>
</indexes>
</Table>