<?xml version = '1.0' encoding = 'UTF-8'?>
<Table class="oracle.dbtools.crest.model.design.relational.Table" directorySegmentName="seg_0" id="1871402E-467D-CA93-3577-F1E3130FE8D5" name="SOLICITUD_SERVICIO_MAESTRO_APRENDIZ">
<createdBy>yvasquez</createdBy>
<createdTime>2022-02-14 01:05:05 UTC</createdTime>
<generatorID>A14FD928-1221-C3FB-D4F0-5430F731F8F2</generatorID>
<ownerDesignName>G2_TF_E22A</ownerDesignName>
<allowColumnReorder>false</allowColumnReorder>
<existDependencyGenerateInDDl>true</existDependencyGenerateInDDl>
<parsed>true</parsed>
<columns itemClass="oracle.dbtools.crest.model.design.relational.Column">
<Column name="SOLICITUD_Co_Solicitud" id="CBC6A9E7-AC29-7733-9A2A-3AF25B52EE85">
<createdBy>yvasquez</createdBy>
<createdTime>2022-02-14 01:05:05 UTC</createdTime>
<generatorID>6B3A22CC-3499-2023-6712-571D354D2D37</generatorID>
<ownerDesignName>G2_TF_E22A</ownerDesignName>
<useDomainConstraints>false</useDomainConstraints>
<use>1</use>
<logicalDatatype>LOGDT019</logicalDatatype>
<ownDataTypeParameters>,,</ownDataTypeParameters>
<previousColumn>false</previousColumn>
<autoIncrementCycle>false</autoIncrementCycle>
<associations>
<colAssociation fkAssociation="4AD6FBAC-4E6E-ED87-7F1C-7B976E6B5794" referredColumn="F86946E2-CA71-6810-10A9-F044CE0C4807"/>
</associations>
</Column>
<Column name="SERVICIO_Co_Servicio" id="7966E73B-76FE-67EC-A509-5EF497A93634">
<createdBy>yvasquez</createdBy>
<createdTime>2022-02-14 01:05:05 UTC</createdTime>
<generatorID>A6B3A2FE-E101-D3CA-6860-B5A3D3BFFDC2</generatorID>
<ownerDesignName>G2_TF_E22A</ownerDesignName>
<useDomainConstraints>false</useDomainConstraints>
<use>1</use>
<ownDataTypeParameters>,,</ownDataTypeParameters>
<previousColumn>false</previousColumn>
<autoIncrementCycle>false</autoIncrementCycle>
<associations>
<colAssociation fkAssociation="CF6497CD-3159-7807-B22C-D63A0164178E" referredColumn="74E77BEC-CAFB-AE3C-726A-506C169DC263"/>
</associations>
</Column>
<Column name="MAESTRO_Nu_DNI" id="0F48BAAA-8960-78C3-A0AA-918938D35787">
<createdBy>yvasquez</createdBy>
<createdTime>2022-02-14 01:05:05 UTC</createdTime>
<generatorID>4B77BC8A-6EA8-B315-8BCD-A34037DC581F</generatorID>
<ownerDesignName>G2_TF_E22A</ownerDesignName>
<useDomainConstraints>false</useDomainConstraints>
<use>1</use>
<logicalDatatype>LOGDT019</logicalDatatype>
<ownDataTypeParameters>,,</ownDataTypeParameters>
<previousColumn>false</previousColumn>
<autoIncrementCycle>false</autoIncrementCycle>
<associations>
<colAssociation fkAssociation="86B251EE-AF12-CAFF-570B-22DD2B51A8CD" referredColumn="4E8E72CE-CEC5-1E7F-ED4E-27E452775D07"/>
</associations>
</Column>
<Column name="APRENDIZ_Nu_DNI" id="4D1EFE84-C991-64BF-55B4-4A04CE48B223">
<createdBy>yvasquez</createdBy>
<createdTime>2022-02-14 01:05:05 UTC</createdTime>
<generatorID>C10C6771-C531-D5FE-F5D0-968ACD590EFC</generatorID>
<ownerDesignName>G2_TF_E22A</ownerDesignName>
<useDomainConstraints>false</useDomainConstraints>
<use>1</use>
<logicalDatatype>LOGDT019</logicalDatatype>
<ownDataTypeParameters>,,</ownDataTypeParameters>
<previousColumn>false</previousColumn>
<autoIncrementCycle>false</autoIncrementCycle>
<associations>
<colAssociation fkAssociation="5B0D0551-0B7A-B347-C8D2-BF823AA3098F" referredColumn="BF649165-6CD1-CFC6-EE79-A661CD43C64B"/>
</associations>
</Column>
</columns>
<indexes itemClass="oracle.dbtools.crest.model.design.relational.Index">
<ind_PK_UK id="F5FF0344-1442-27FA-8E6A-B8862442FE0D" name="SOLICITUD_SERVICIO_MAESTRO_APRENDIZ_PK">
<createdBy>yvasquez</createdBy>
<createdTime>2022-02-14 01:05:05 UTC</createdTime>
<generatorID>3CA2C318-1724-BAA4-3C5F-59F0130EDB67</generatorID>
<ownerDesignName>G2_TF_E22A</ownerDesignName>
<pk>true</pk>
<indexState>Primary Constraint</indexState>
<isSurrogateKey>false</isSurrogateKey>
<indexColumnUsage>
<colUsage columnID="CBC6A9E7-AC29-7733-9A2A-3AF25B52EE85"/>
<colUsage columnID="7966E73B-76FE-67EC-A509-5EF497A93634"/>
<colUsage columnID="0F48BAAA-8960-78C3-A0AA-918938D35787"/>
<colUsage columnID="4D1EFE84-C991-64BF-55B4-4A04CE48B223"/>
</indexColumnUsage>
</ind_PK_UK>
<ind_PK_UK id="4463390C-93D0-ECC2-75F8-F3DBF4611B2F" name="SOLICITUD_SERVICIO_MAESTRO_APRENDIZ_SOLICITUD_FK">
<createdBy>yvasquez</createdBy>
<createdTime>2022-02-14 01:05:05 UTC</createdTime>
<generatorID>45FE4650-746D-674B-150F-C17C372AB4DF</generatorID>
<ownerDesignName>G2_TF_E22A</ownerDesignName>
<indexState>Foreign Key</indexState>
<isSurrogateKey>false</isSurrogateKey>
<indexColumnUsage>
<colUsage columnID="CBC6A9E7-AC29-7733-9A2A-3AF25B52EE85"/>
</indexColumnUsage>
</ind_PK_UK>
<ind_PK_UK id="5B95ACF3-B705-EA9B-3F6B-AA0578D9C5EF" name="SOLICITUD_SERVICIO_MAESTRO_APRENDIZ_SERVICIO_FK">
<createdBy>yvasquez</createdBy>
<createdTime>2022-02-14 01:05:05 UTC</createdTime>
<generatorID>F2DBA6F9-0A36-5E1D-4221-A10835C99D84</generatorID>
<ownerDesignName>G2_TF_E22A</ownerDesignName>
<indexState>Foreign Key</indexState>
<isSurrogateKey>false</isSurrogateKey>
<indexColumnUsage>
<colUsage columnID="7966E73B-76FE-67EC-A509-5EF497A93634"/>
</indexColumnUsage>
</ind_PK_UK>
<ind_PK_UK id="D3631C06-A79A-FD54-1109-38B5B6100CB2" name="SOLICITUD_SERVICIO_MAESTRO_APRENDIZ_MAESTRO_FK">
<createdBy>yvasquez</createdBy>
<createdTime>2022-02-14 01:05:05 UTC</createdTime>
<generatorID>99BDDD32-18D2-C8F6-F0C5-6E8788DFE985</generatorID>
<ownerDesignName>G2_TF_E22A</ownerDesignName>
<indexState>Foreign Key</indexState>
<isSurrogateKey>false</isSurrogateKey>
<indexColumnUsage>
<colUsage columnID="0F48BAAA-8960-78C3-A0AA-918938D35787"/>
</indexColumnUsage>
</ind_PK_UK>
<ind_PK_UK id="6831CEC4-7CA6-44A7-6E83-394B733A2FA5" name="SOLICITUD_SERVICIO_MAESTRO_APRENDIZ_APRENDIZ_FK">
<createdBy>yvasquez</createdBy>
<createdTime>2022-02-14 01:05:05 UTC</createdTime>
<generatorID>F9A848F1-7249-2C8E-E456-29B0226DB785</generatorID>
<ownerDesignName>G2_TF_E22A</ownerDesignName>
<indexState>Foreign Key</indexState>
<isSurrogateKey>false</isSurrogateKey>
<indexColumnUsage>
<colUsage columnID="4D1EFE84-C991-64BF-55B4-4A04CE48B223"/>
</indexColumnUsage>
</ind_PK_UK>
</indexes>
</Table>