<?xml version = '1.0' encoding = 'UTF-8'?>
<Table class="oracle.dbtools.crest.model.design.relational.Table" directorySegmentName="seg_0" id="22821AFC-FBDD-CF1A-E7D0-1666798A7795" name="INSUMO_POR_TAREA">
<createdBy>yvasquez</createdBy>
<createdTime>2022-02-14 01:05:05 UTC</createdTime>
<generatorID>658E4BEE-B44D-B72E-CD33-5F162EB995FB</generatorID>
<ownerDesignName>G2_TF_E22A</ownerDesignName>
<allowColumnReorder>false</allowColumnReorder>
<existDependencyGenerateInDDl>true</existDependencyGenerateInDDl>
<parsed>true</parsed>
<columns itemClass="oracle.dbtools.crest.model.design.relational.Column">
<Column name="INFORME_POR_SERVICIO_Co_Solicitud" id="FA7977DA-DA06-C881-FFBA-44B4755FAA01">
<createdBy>yvasquez</createdBy>
<createdTime>2022-02-14 01:05:05 UTC</createdTime>
<generatorID>28A8E407-9770-4377-8778-DA1327949FD0</generatorID>
<ownerDesignName>G2_TF_E22A</ownerDesignName>
<useDomainConstraints>false</useDomainConstraints>
<use>1</use>
<logicalDatatype>LOGDT019</logicalDatatype>
<ownDataTypeParameters>,,</ownDataTypeParameters>
<previousColumn>false</previousColumn>
<autoIncrementCycle>false</autoIncrementCycle>
<associations>
<colAssociation fkAssociation="E93C38B4-C2B0-074C-DB5B-F806A4FF0D40" referredColumn="04DD5673-AFC1-40AC-7CEC-902BEC46D771"/>
</associations>
</Column>
<Column name="INFORME_POR_SERVICIO_Co_Servicio" id="5224D043-1DE1-D1C9-6E47-35CD53F683B7">
<createdBy>yvasquez</createdBy>
<createdTime>2022-02-14 01:05:05 UTC</createdTime>
<generatorID>0ECF2791-FDE9-C522-D3C1-55E6838C4EB3</generatorID>
<ownerDesignName>G2_TF_E22A</ownerDesignName>
<useDomainConstraints>false</useDomainConstraints>
<use>1</use>
<ownDataTypeParameters>,,</ownDataTypeParameters>
<previousColumn>false</previousColumn>
<autoIncrementCycle>false</autoIncrementCycle>
<associations>
<colAssociation fkAssociation="E93C38B4-C2B0-074C-DB5B-F806A4FF0D40" referredColumn="0DFCECD6-5717-A48C-73C4-5E6E46B9C044"/>
</associations>
</Column>
<Column name="INFORME_POR_SERVICIO_Co_Tarea" id="104117AC-C9EE-7FCA-93D9-F1719B05DD21">
<createdBy>yvasquez</createdBy>
<createdTime>2022-02-14 01:05:05 UTC</createdTime>
<generatorID>10EDB95A-B277-133C-229F-927861D41C57</generatorID>
<ownerDesignName>G2_TF_E22A</ownerDesignName>
<useDomainConstraints>false</useDomainConstraints>
<use>1</use>
<logicalDatatype>LOGDT019</logicalDatatype>
<ownDataTypeParameters>,,</ownDataTypeParameters>
<previousColumn>false</previousColumn>
<autoIncrementCycle>false</autoIncrementCycle>
<associations>
<colAssociation fkAssociation="E93C38B4-C2B0-074C-DB5B-F806A4FF0D40" referredColumn="6B1DD1CA-051D-D94C-EDB0-1096A1A4FA6C"/>
</associations>
</Column>
<Column name="INSUMO_Co_Insumo" id="A7652D6E-DC11-7F3D-4CF6-006E603F7A05">
<createdBy>yvasquez</createdBy>
<createdTime>2022-02-14 01:05:05 UTC</createdTime>
<generatorID>13630C0A-5723-14A2-AAB0-5F45A3EED310</generatorID>
<ownerDesignName>G2_TF_E22A</ownerDesignName>
<useDomainConstraints>false</useDomainConstraints>
<use>1</use>
<logicalDatatype>LOGDT019</logicalDatatype>
<ownDataTypeParameters>,,</ownDataTypeParameters>
<previousColumn>false</previousColumn>
<autoIncrementCycle>false</autoIncrementCycle>
<associations>
<colAssociation fkAssociation="B99ADD88-7B5A-C1F2-1BFF-7B7A2D803907" referredColumn="C6E304E9-E575-6724-0494-58F4BCA7A7F5"/>
</associations>
</Column>
<Column name="Qt_Insumo_Tarea" id="517DD33F-67EA-AD05-07CA-FDF4CBEB298C">
<createdBy>yvasquez</createdBy>
<createdTime>2022-02-14 01:05:05 UTC</createdTime>
<generatorID>BB7D24EA-85DF-CDB3-5539-33E2CA88DDB0</generatorID>
<ownerDesignName>G2_TF_E22A</ownerDesignName>
<nullsAllowed>true</nullsAllowed>
<use>0</use>
<ownDataTypeParameters>,,</ownDataTypeParameters>
<autoIncrementCycle>false</autoIncrementCycle>
</Column>
</columns>
<indexes itemClass="oracle.dbtools.crest.model.design.relational.Index">
<ind_PK_UK id="CA3D9EA5-5D88-FDDC-C4B8-7585C1646D7A" name="INSUMO_POR_TAREA_PK">
<createdBy>yvasquez</createdBy>
<createdTime>2022-02-14 01:05:05 UTC</createdTime>
<generatorID>E8B3F65E-6ED6-A2D2-06E9-1284F1B49AA3</generatorID>
<ownerDesignName>G2_TF_E22A</ownerDesignName>
<pk>true</pk>
<indexState>Primary Constraint</indexState>
<isSurrogateKey>false</isSurrogateKey>
<indexColumnUsage>
<colUsage columnID="A7652D6E-DC11-7F3D-4CF6-006E603F7A05"/>
<colUsage columnID="104117AC-C9EE-7FCA-93D9-F1719B05DD21"/>
<colUsage columnID="5224D043-1DE1-D1C9-6E47-35CD53F683B7"/>
<colUsage columnID="FA7977DA-DA06-C881-FFBA-44B4755FAA01"/>
</indexColumnUsage>
</ind_PK_UK>
<ind_PK_UK id="F1A5BAEF-9187-C6D8-99EA-1857E170F1F6" name="INSUMO_POR_TAREA_INFORME_POR_SERVICIO_FK">
<createdBy>yvasquez</createdBy>
<createdTime>2022-02-14 01:05:05 UTC</createdTime>
<generatorID>2F09A8A5-E507-85A9-A832-5148ED090492</generatorID>
<ownerDesignName>G2_TF_E22A</ownerDesignName>
<indexState>Foreign Key</indexState>
<isSurrogateKey>false</isSurrogateKey>
<indexColumnUsage>
<colUsage columnID="104117AC-C9EE-7FCA-93D9-F1719B05DD21"/>
<colUsage columnID="5224D043-1DE1-D1C9-6E47-35CD53F683B7"/>
<colUsage columnID="FA7977DA-DA06-C881-FFBA-44B4755FAA01"/>
</indexColumnUsage>
</ind_PK_UK>
<ind_PK_UK id="35B290AF-97D4-6186-6562-49881B8D0EEB" name="INSUMO_POR_TAREA_INSUMO_FK">
<createdBy>yvasquez</createdBy>
<createdTime>2022-02-14 01:05:05 UTC</createdTime>
<generatorID>8895C84F-9F7F-2D20-AC26-FE424BF8A01F</generatorID>
<ownerDesignName>G2_TF_E22A</ownerDesignName>
<indexState>Foreign Key</indexState>
<isSurrogateKey>false</isSurrogateKey>
<indexColumnUsage>
<colUsage columnID="A7652D6E-DC11-7F3D-4CF6-006E603F7A05"/>
</indexColumnUsage>
</ind_PK_UK>
</indexes>
</Table>