<?xml version = '1.0' encoding = 'UTF-8'?>
<Table class="oracle.dbtools.crest.model.design.relational.Table" directorySegmentName="seg_0" id="2AA1E5DC-650E-4C88-4FA2-2FCA1A719131" name="OPERARIO">
<createdBy>yvasquez</createdBy>
<createdTime>2022-02-14 01:05:05 UTC</createdTime>
<generatorID>DA7504E1-A6CF-7D88-81E6-C967A759C481</generatorID>
<ownerDesignName>G2_TF_E22A</ownerDesignName>
<allowColumnReorder>false</allowColumnReorder>
<existDependencyGenerateInDDl>true</existDependencyGenerateInDDl>
<parsed>true</parsed>
<columns itemClass="oracle.dbtools.crest.model.design.relational.Column">
<Column name="Nu_DNI" id="C51497A7-1F81-2195-CBC6-B05A401DB384">
<createdBy>yvasquez</createdBy>
<createdTime>2022-02-14 01:05:05 UTC</createdTime>
<generatorID>A30FA595-9D7C-08DE-CF42-21193968AB9F</generatorID>
<ownerDesignName>G2_TF_E22A</ownerDesignName>
<useDomainConstraints>false</useDomainConstraints>
<use>1</use>
<logicalDatatype>LOGDT019</logicalDatatype>
<ownDataTypeParameters>,,</ownDataTypeParameters>
<autoIncrementCycle>false</autoIncrementCycle>
<associations>
<colAssociation fkAssociation="0183286D-5853-1B60-FB3E-25BC36CAAF41" referredColumn="B0106684-78C3-3629-A4A1-4C7944B73D76"/>
</associations>
</Column>
<Column name="Fe_Fecha_Inscripcion" id="2298F37F-6497-08F6-BC52-A9541E26AC97">
<createdBy>yvasquez</createdBy>
<createdTime>2022-02-14 01:05:05 UTC</createdTime>
<generatorID>0EA08EA9-6B14-624C-B3DE-2477B3B80078</generatorID>
<ownerDesignName>G2_TF_E22A</ownerDesignName>
<nullsAllowed>true</nullsAllowed>
<useDomainConstraints>false</useDomainConstraints>
<use>1</use>
<ownDataTypeParameters>,,</ownDataTypeParameters>
<autoIncrementCycle>false</autoIncrementCycle>
</Column>
<Column name="Nu_RUC" id="A86F82A3-7156-5A48-CA90-CA4BB58586C1">
<createdBy>yvasquez</createdBy>
<createdTime>2022-02-14 01:05:05 UTC</createdTime>
<generatorID>C8AE4C63-4A59-60D3-972D-7143ED87824F</generatorID>
<ownerDesignName>G2_TF_E22A</ownerDesignName>
<nullsAllowed>true</nullsAllowed>
<useDomainConstraints>false</useDomainConstraints>
<use>1</use>
<ownDataTypeParameters>,,</ownDataTypeParameters>
<autoIncrementCycle>false</autoIncrementCycle>
</Column>
</columns>
<indexes itemClass="oracle.dbtools.crest.model.design.relational.Index">
<ind_PK_UK id="88A9A5D7-DDBE-E5F3-849A-1339CF096F9C" name="OPERARIO_PK">
<createdBy>yvasquez</createdBy>
<createdTime>2022-02-14 01:05:05 UTC</createdTime>
<generatorID>670E25C3-0137-225A-A533-A5DF2F80D735</generatorID>
<ownerDesignName>G2_TF_E22A</ownerDesignName>
<pk>true</pk>
<indexState>Primary Constraint</indexState>
<isSurrogateKey>false</isSurrogateKey>
<indexColumnUsage>
<colUsage columnID="C51497A7-1F81-2195-CBC6-B05A401DB384"/>
</indexColumnUsage>
</ind_PK_UK>
<ind_PK_UK id="218B3EC2-6F57-518F-096E-473EF2A57AA7" name="OPERARIO_POSTULANTE_FK">
<createdBy>yvasquez</createdBy>
<createdTime>2022-02-14 01:05:05 UTC</createdTime>
<generatorID>C361AF6C-EA52-7C38-353B-2C828207E002</generatorID>
<ownerDesignName>G2_TF_E22A</ownerDesignName>
<indexState>Foreign Key</indexState>
<isSurrogateKey>false</isSurrogateKey>
<indexColumnUsage>
<colUsage columnID="C51497A7-1F81-2195-CBC6-B05A401DB384"/>
</indexColumnUsage>
</ind_PK_UK>
</indexes>
</Table>