<?xml version = '1.0' encoding = 'UTF-8'?>
<Table class="oracle.dbtools.crest.model.design.relational.Table" directorySegmentName="seg_0" id="713CF227-3EDD-D073-94CD-80225D4D9E68" name="MAESTRO">
<createdBy>yvasquez</createdBy>
<createdTime>2022-02-14 01:05:05 UTC</createdTime>
<generatorID>AF80AEEE-C82E-C929-EAC6-D9758E7A0987</generatorID>
<ownerDesignName>G2_TF_E22A</ownerDesignName>
<allowColumnReorder>false</allowColumnReorder>
<existDependencyGenerateInDDl>true</existDependencyGenerateInDDl>
<parsed>true</parsed>
<columns itemClass="oracle.dbtools.crest.model.design.relational.Column">
<Column name="Nu_DNI" id="4E8E72CE-CEC5-1E7F-ED4E-27E452775D07">
<createdBy>yvasquez</createdBy>
<createdTime>2022-02-14 01:05:05 UTC</createdTime>
<generatorID>A30FA595-9D7C-08DE-CF42-21193968AB9F</generatorID>
<ownerDesignName>G2_TF_E22A</ownerDesignName>
<useDomainConstraints>false</useDomainConstraints>
<use>1</use>
<logicalDatatype>LOGDT019</logicalDatatype>
<ownDataTypeParameters>,,</ownDataTypeParameters>
<autoIncrementCycle>false</autoIncrementCycle>
<associations>
<colAssociation fkAssociation="4413A31D-453F-098C-FE38-5535EF315DFF" referredColumn="C51497A7-1F81-2195-CBC6-B05A401DB384"/>
</associations>
</Column>
<Column name="Qt_AñosExperienciaMaestro" id="5D25DAFD-06D1-9440-2AD0-4D3F47E75735">
<createdBy>yvasquez</createdBy>
<createdTime>2022-02-14 01:05:05 UTC</createdTime>
<generatorID>CD699C5A-C01B-7545-E050-7580AC245E91</generatorID>
<ownerDesignName>G2_TF_E22A</ownerDesignName>
<nullsAllowed>true</nullsAllowed>
<useDomainConstraints>false</useDomainConstraints>
<use>1</use>
<logicalDatatype>LOGDT019</logicalDatatype>
<ownDataTypeParameters>,,</ownDataTypeParameters>
<autoIncrementCycle>false</autoIncrementCycle>
</Column>
</columns>
<indexes itemClass="oracle.dbtools.crest.model.design.relational.Index">
<ind_PK_UK id="AB413B50-4DAB-4D01-1E9B-E4E538E9765F" name="MAESTRO_PK">
<createdBy>yvasquez</createdBy>
<createdTime>2022-02-14 01:05:05 UTC</createdTime>
<generatorID>670E25C3-0137-225A-A533-A5DF2F80D735</generatorID>
<ownerDesignName>G2_TF_E22A</ownerDesignName>
<pk>true</pk>
<indexState>Primary Constraint</indexState>
<isSurrogateKey>false</isSurrogateKey>
<indexColumnUsage>
<colUsage columnID="4E8E72CE-CEC5-1E7F-ED4E-27E452775D07"/>
</indexColumnUsage>
</ind_PK_UK>
<ind_PK_UK id="DE973D65-38DB-6453-360A-8ACBDD996730" name="MAESTRO_OPERARIO_FK">
<createdBy>yvasquez</createdBy>
<createdTime>2022-02-14 01:05:05 UTC</createdTime>
<generatorID>80A912A9-FFF7-C6BB-4359-005900D51F29</generatorID>
<ownerDesignName>G2_TF_E22A</ownerDesignName>
<indexState>Foreign Key</indexState>
<isSurrogateKey>false</isSurrogateKey>
<indexColumnUsage>
<colUsage columnID="4E8E72CE-CEC5-1E7F-ED4E-27E452775D07"/>
</indexColumnUsage>
</ind_PK_UK>
</indexes>
</Table>