<?xml version = '1.0' encoding = 'UTF-8'?>
<Table class="oracle.dbtools.crest.model.design.relational.Table" directorySegmentName="seg_0" id="936447AA-CFC8-AF8C-AD86-10E172F2EBFE" name="INFORME_GENERAL">
<createdBy>yvasquez</createdBy>
<createdTime>2022-02-14 01:05:05 UTC</createdTime>
<generatorID>D02709D2-9FF5-B656-77F4-A242B93A901C</generatorID>
<ownerDesignName>G2_TF_E22A</ownerDesignName>
<allowColumnReorder>false</allowColumnReorder>
<existDependencyGenerateInDDl>true</existDependencyGenerateInDDl>
<parsed>true</parsed>
<columns itemClass="oracle.dbtools.crest.model.design.relational.Column">
<Column name="Co_Informe_General" id="35C4EBAE-A4FE-FAED-46B5-AFB0DFF8387B">
<createdBy>yvasquez</createdBy>
<createdTime>2022-02-14 01:05:05 UTC</createdTime>
<generatorID>35F70177-97DC-676B-8FCD-5E50E8EA732E</generatorID>
<ownerDesignName>G2_TF_E22A</ownerDesignName>
<useDomainConstraints>false</useDomainConstraints>
<use>1</use>
<logicalDatatype>LOGDT019</logicalDatatype>
<ownDataTypeParameters>,,</ownDataTypeParameters>
<autoIncrementCycle>false</autoIncrementCycle>
</Column>
<Column name="SOLICITUD_Co_Solicitud" id="AFB0A202-016E-99AD-3E0B-B24585BAD4C4">
<createdBy>yvasquez</createdBy>
<createdTime>2022-02-14 01:05:05 UTC</createdTime>
<generatorID>7015B437-C55D-9BDA-BDDA-85A7C8BB550A</generatorID>
<ownerDesignName>G2_TF_E22A</ownerDesignName>
<useDomainConstraints>false</useDomainConstraints>
<use>1</use>
<logicalDatatype>LOGDT019</logicalDatatype>
<ownDataTypeParameters>,,</ownDataTypeParameters>
<previousColumn>false</previousColumn>
<autoIncrementCycle>false</autoIncrementCycle>
<associations>
<colAssociation fkAssociation="83E99A4B-C243-9BCF-6F86-85953D5CFFB2" referredColumn="F86946E2-CA71-6810-10A9-F044CE0C4807"/>
</associations>
</Column>
<Column name="Tx_Informe_General" id="353BF3F1-0A70-5CF8-E845-16CB8A46E25A">
<createdBy>yvasquez</createdBy>
<createdTime>2022-02-14 01:05:05 UTC</createdTime>
<generatorID>97349AC7-63B6-341F-DBDD-5FCFADE4C10F</generatorID>
<ownerDesignName>G2_TF_E22A</ownerDesignName>
<nullsAllowed>true</nullsAllowed>
<useDomainConstraints>false</useDomainConstraints>
<use>1</use>
<logicalDatatype>LOGDT024</logicalDatatype>
<ownDataTypeParameters>,,</ownDataTypeParameters>
<autoIncrementCycle>false</autoIncrementCycle>
</Column>
</columns>
<indexes itemClass="oracle.dbtools.crest.model.design.relational.Index">
<ind_PK_UK id="FB5AB49E-09EA-85F8-9A6F-C25E78B31672" name="INFORME_GENERAL_PK">
<createdBy>yvasquez</createdBy>
<createdTime>2022-02-14 01:05:05 UTC</createdTime>
<generatorID>83C5DC0C-A79C-7531-C6A9-E9F55360EE1C</generatorID>
<ownerDesignName>G2_TF_E22A</ownerDesignName>
<pk>true</pk>
<indexState>Primary Constraint</indexState>
<isSurrogateKey>false</isSurrogateKey>
<indexColumnUsage>
<colUsage columnID="35C4EBAE-A4FE-FAED-46B5-AFB0DFF8387B"/>
<colUsage columnID="AFB0A202-016E-99AD-3E0B-B24585BAD4C4"/>
</indexColumnUsage>
</ind_PK_UK>
<ind_PK_UK id="A26330BA-B948-C492-754A-4529A0EE3898" name="INFORME_GENERAL__IDX">
<createdBy>yvasquez</createdBy>
<createdTime>2022-02-14 01:05:05 UTC</createdTime>
<ownerDesignName>G2_TF_E22A</ownerDesignName>
<indexState>Unique Plain Index</indexState>
<isSurrogateKey>false</isSurrogateKey>
<relationGeneratorID>44CA179A-B22B-8AF0-9102-DE9819F3EB98</relationGeneratorID>
<indexColumnUsage>
<colUsage columnID="AFB0A202-016E-99AD-3E0B-B24585BAD4C4"/>
</indexColumnUsage>
</ind_PK_UK>
<ind_PK_UK id="15C6E71B-8B3E-9DF4-9DBD-2EA7B9283EC0" name="INFORME_GENERAL_SOLICITUD_FK">
<createdBy>yvasquez</createdBy>
<createdTime>2022-02-14 01:05:05 UTC</createdTime>
<generatorID>44CA179A-B22B-8AF0-9102-DE9819F3EB98</generatorID>
<ownerDesignName>G2_TF_E22A</ownerDesignName>
<indexState>Foreign Key</indexState>
<isSurrogateKey>false</isSurrogateKey>
<indexColumnUsage>
<colUsage columnID="AFB0A202-016E-99AD-3E0B-B24585BAD4C4"/>
</indexColumnUsage>
</ind_PK_UK>
</indexes>
</Table>