<?xml version = '1.0' encoding = 'UTF-8'?>
<Table class="oracle.dbtools.crest.model.design.relational.Table" directorySegmentName="seg_0" id="965B9635-A6AA-5FA9-7A65-7354FE07E8F9" name="APRENDIZ">
<createdBy>yvasquez</createdBy>
<createdTime>2022-02-14 01:05:05 UTC</createdTime>
<generatorID>8C2CF3D4-2FEE-3630-AE71-107894E58F38</generatorID>
<ownerDesignName>G2_TF_E22A</ownerDesignName>
<allowColumnReorder>false</allowColumnReorder>
<existDependencyGenerateInDDl>true</existDependencyGenerateInDDl>
<parsed>true</parsed>
<columns itemClass="oracle.dbtools.crest.model.design.relational.Column">
<Column name="Nu_DNI" id="BF649165-6CD1-CFC6-EE79-A661CD43C64B">
<createdBy>yvasquez</createdBy>
<createdTime>2022-02-14 01:05:05 UTC</createdTime>
<generatorID>A30FA595-9D7C-08DE-CF42-21193968AB9F</generatorID>
<ownerDesignName>G2_TF_E22A</ownerDesignName>
<useDomainConstraints>false</useDomainConstraints>
<use>1</use>
<logicalDatatype>LOGDT019</logicalDatatype>
<ownDataTypeParameters>,,</ownDataTypeParameters>
<autoIncrementCycle>false</autoIncrementCycle>
<associations>
<colAssociation fkAssociation="A6285A96-BDDA-A56D-8C1B-1528381CA611" referredColumn="C51497A7-1F81-2195-CBC6-B05A401DB384"/>
</associations>
</Column>
</columns>
<indexes itemClass="oracle.dbtools.crest.model.design.relational.Index">
<ind_PK_UK id="E99C2539-F280-9455-63E9-D70844512F7F" name="APRENDIZ_PK">
<createdBy>yvasquez</createdBy>
<createdTime>2022-02-14 01:05:05 UTC</createdTime>
<generatorID>670E25C3-0137-225A-A533-A5DF2F80D735</generatorID>
<ownerDesignName>G2_TF_E22A</ownerDesignName>
<pk>true</pk>
<indexState>Primary Constraint</indexState>
<isSurrogateKey>false</isSurrogateKey>
<indexColumnUsage>
<colUsage columnID="BF649165-6CD1-CFC6-EE79-A661CD43C64B"/>
</indexColumnUsage>
</ind_PK_UK>
<ind_PK_UK id="1908EEF0-9564-87C3-A8EE-D4B59DC8AEE6" name="APRENDIZ_OPERARIO_FK">
<createdBy>yvasquez</createdBy>
<createdTime>2022-02-14 01:05:05 UTC</createdTime>
<generatorID>58AA40B1-0AEB-45D9-1F3D-7DEE5F507F43</generatorID>
<ownerDesignName>G2_TF_E22A</ownerDesignName>
<indexState>Foreign Key</indexState>
<isSurrogateKey>false</isSurrogateKey>
<indexColumnUsage>
<colUsage columnID="BF649165-6CD1-CFC6-EE79-A661CD43C64B"/>
</indexColumnUsage>
</ind_PK_UK>
</indexes>
</Table>