<?xml version = '1.0' encoding = 'UTF-8'?>
<Table class="oracle.dbtools.crest.model.design.relational.Table" directorySegmentName="seg_0" id="ACC1C0A9-795A-ADEE-0B4B-2EFBA788CD45" name="INSUMO">
<createdBy>yvasquez</createdBy>
<createdTime>2022-02-14 01:05:05 UTC</createdTime>
<generatorID>04CD63BF-D8A2-5386-68F5-E2CBD05BC202</generatorID>
<ownerDesignName>G2_TF_E22A</ownerDesignName>
<allowColumnReorder>false</allowColumnReorder>
<existDependencyGenerateInDDl>true</existDependencyGenerateInDDl>
<parsed>true</parsed>
<columns itemClass="oracle.dbtools.crest.model.design.relational.Column">
<Column name="Co_Insumo" id="C6E304E9-E575-6724-0494-58F4BCA7A7F5">
<createdBy>yvasquez</createdBy>
<createdTime>2022-02-14 01:05:05 UTC</createdTime>
<generatorID>8EAB9B6E-BFB9-40C2-C174-7395D42CBF3C</generatorID>
<ownerDesignName>G2_TF_E22A</ownerDesignName>
<useDomainConstraints>false</useDomainConstraints>
<use>1</use>
<logicalDatatype>LOGDT019</logicalDatatype>
<ownDataTypeParameters>,,</ownDataTypeParameters>
<autoIncrementCycle>false</autoIncrementCycle>
</Column>
<Column name="No_Insumo" id="0A8ABD6A-FB7F-A33A-92C3-7B85E1FCE498">
<createdBy>yvasquez</createdBy>
<createdTime>2022-02-14 01:05:05 UTC</createdTime>
<generatorID>9B7F048D-7115-E003-08CF-C3FBEC05BB39</generatorID>
<ownerDesignName>G2_TF_E22A</ownerDesignName>
<nullsAllowed>true</nullsAllowed>
<useDomainConstraints>false</useDomainConstraints>
<use>1</use>
<logicalDatatype>LOGDT024</logicalDatatype>
<ownDataTypeParameters>,,</ownDataTypeParameters>
<autoIncrementCycle>false</autoIncrementCycle>
</Column>
<Column name="No_Insumo_Unidad_Medida" id="8F5C78A7-EFD4-B3CB-3DCD-CAF54ADC155B">
<createdBy>yvasquez</createdBy>
<createdTime>2022-02-14 01:05:05 UTC</createdTime>
<generatorID>7DAFD84C-8A79-F921-3991-C8727508FA5A</generatorID>
<ownerDesignName>G2_TF_E22A</ownerDesignName>
<nullsAllowed>true</nullsAllowed>
<useDomainConstraints>false</useDomainConstraints>
<use>1</use>
<logicalDatatype>LOGDT024</logicalDatatype>
<ownDataTypeParameters>,,</ownDataTypeParameters>
<autoIncrementCycle>false</autoIncrementCycle>
</Column>
<Column name="Ss_Insumo_Promedio_Unidad_Medida" id="BD7C9163-A264-3806-4A26-586936032FD2">
<createdBy>yvasquez</createdBy>
<createdTime>2022-02-14 01:05:05 UTC</createdTime>
<generatorID>E80894BE-A5A9-7887-1673-02D3EF488834</generatorID>
<ownerDesignName>G2_TF_E22A</ownerDesignName>
<nullsAllowed>true</nullsAllowed>
<useDomainConstraints>false</useDomainConstraints>
<use>1</use>
<logicalDatatype>LOGDT019</logicalDatatype>
<ownDataTypeParameters>,,</ownDataTypeParameters>
<autoIncrementCycle>false</autoIncrementCycle>
</Column>
</columns>
<indexes itemClass="oracle.dbtools.crest.model.design.relational.Index">
<ind_PK_UK id="DF7A5B2F-9D75-F288-29B0-67E39F51383D" name="INSUMO_PK">
<createdBy>yvasquez</createdBy>
<createdTime>2022-02-14 01:05:05 UTC</createdTime>
<generatorID>57F6D4F3-037C-186A-7FE4-56EB9DA981E3</generatorID>
<ownerDesignName>G2_TF_E22A</ownerDesignName>
<pk>true</pk>
<indexState>Primary Constraint</indexState>
<isSurrogateKey>false</isSurrogateKey>
<indexColumnUsage>
<colUsage columnID="C6E304E9-E575-6724-0494-58F4BCA7A7F5"/>
</indexColumnUsage>
</ind_PK_UK>
</indexes>
</Table>