<?xml version = '1.0' encoding = 'UTF-8'?>
<Table class="oracle.dbtools.crest.model.design.relational.Table" directorySegmentName="seg_0" id="C0730D1A-AE67-D35B-5844-340D4F67524E" name="Relation_19">
<createdBy>yvasquez</createdBy>
<createdTime>2022-02-14 01:05:05 UTC</createdTime>
<ownerDesignName>G2_TF_E22A</ownerDesignName>
<allowColumnReorder>false</allowColumnReorder>
<existDependencyGenerateInDDl>true</existDependencyGenerateInDDl>
<parsed>true</parsed>
<columns itemClass="oracle.dbtools.crest.model.design.relational.Column">
<Column name="MAESTRO_Nu_DNI" id="A28A1B1F-9F6F-1223-481A-754310D5C25E">
<createdBy>yvasquez</createdBy>
<createdTime>2022-02-14 01:05:05 UTC</createdTime>
<ownerDesignName>G2_TF_E22A</ownerDesignName>
<useDomainConstraints>false</useDomainConstraints>
<use>1</use>
<logicalDatatype>LOGDT019</logicalDatatype>
<ownDataTypeParameters>,,</ownDataTypeParameters>
<previousColumn>false</previousColumn>
<autoIncrementCycle>false</autoIncrementCycle>
<associations>
<colAssociation fkAssociation="EEDED6F2-3753-27BF-1798-794A82FCD6CE" referredColumn="4E8E72CE-CEC5-1E7F-ED4E-27E452775D07"/>
</associations>
</Column>
<Column name="ESPECIALIDAD_Co_Especialidad" id="117D6D4B-5757-901B-A7BC-64B4A6386C26">
<createdBy>yvasquez</createdBy>
<createdTime>2022-02-14 01:05:05 UTC</createdTime>
<ownerDesignName>G2_TF_E22A</ownerDesignName>
<useDomainConstraints>false</useDomainConstraints>
<use>1</use>
<logicalDatatype>LOGDT019</logicalDatatype>
<ownDataTypeParameters>,,</ownDataTypeParameters>
<previousColumn>false</previousColumn>
<autoIncrementCycle>false</autoIncrementCycle>
<associations>
<colAssociation fkAssociation="92D5443B-8E94-3757-A548-59CA2A3CCEAA" referredColumn="0173659D-B3AD-D0C2-5521-68A8CDB044A4"/>
</associations>
</Column>
</columns>
<indexes itemClass="oracle.dbtools.crest.model.design.relational.Index">
<ind_PK_UK id="65238B04-41E1-D04C-971A-8CD36B0A654E" name="Relation_19_PK">
<createdBy>yvasquez</createdBy>
<createdTime>2022-02-14 01:05:05 UTC</createdTime>
<ownerDesignName>G2_TF_E22A</ownerDesignName>
<pk>true</pk>
<indexState>Primary Constraint</indexState>
<isSurrogateKey>false</isSurrogateKey>
<indexColumnUsage>
<colUsage columnID="A28A1B1F-9F6F-1223-481A-754310D5C25E"/>
<colUsage columnID="117D6D4B-5757-901B-A7BC-64B4A6386C26"/>
</indexColumnUsage>
</ind_PK_UK>
<ind_PK_UK id="BFE89435-479D-B71F-C651-9F2CBBE95143" name="Relation_19_MAESTRO_FK">
<createdBy>yvasquez</createdBy>
<createdTime>2022-02-14 01:05:05 UTC</createdTime>
<generatorID>1428F4AB-588D-2F28-5A34-5B12BF8296E1</generatorID>
<ownerDesignName>G2_TF_E22A</ownerDesignName>
<indexState>Foreign Key</indexState>
<isSurrogateKey>false</isSurrogateKey>
<indexColumnUsage>
<colUsage columnID="A28A1B1F-9F6F-1223-481A-754310D5C25E"/>
</indexColumnUsage>
</ind_PK_UK>
<ind_PK_UK id="7915703B-AAB9-6595-791F-DD494D158784" name="Relation_19_ESPECIALIDAD_FK">
<createdBy>yvasquez</createdBy>
<createdTime>2022-02-14 01:05:05 UTC</createdTime>
<generatorID>1428F4AB-588D-2F28-5A34-5B12BF8296E1</generatorID>
<ownerDesignName>G2_TF_E22A</ownerDesignName>
<indexState>Foreign Key</indexState>
<isSurrogateKey>false</isSurrogateKey>
<indexColumnUsage>
<colUsage columnID="117D6D4B-5757-901B-A7BC-64B4A6386C26"/>
</indexColumnUsage>
</ind_PK_UK>
</indexes>
</Table>