<?xml version = '1.0' encoding = 'UTF-8'?>
<Table class="oracle.dbtools.crest.model.design.relational.Table" directorySegmentName="seg_0" id="CBEC93E3-CC9C-333C-9969-51C76537BEE3" name="INFORME_POR_SERVICIO">
<createdBy>yvasquez</createdBy>
<createdTime>2022-02-14 01:05:05 UTC</createdTime>
<generatorID>E2399238-BE01-C47D-3A21-89D5D1CBA104</generatorID>
<ownerDesignName>G2_TF_E22A</ownerDesignName>
<allowColumnReorder>false</allowColumnReorder>
<existDependencyGenerateInDDl>true</existDependencyGenerateInDDl>
<parsed>true</parsed>
<columns itemClass="oracle.dbtools.crest.model.design.relational.Column">
<Column name="SOLICITUD_Co_Solicitud" id="04DD5673-AFC1-40AC-7CEC-902BEC46D771">
<createdBy>yvasquez</createdBy>
<createdTime>2022-02-14 01:05:05 UTC</createdTime>
<generatorID>49F9A4D3-7C22-5AE3-6B76-66798DE65184</generatorID>
<ownerDesignName>G2_TF_E22A</ownerDesignName>
<useDomainConstraints>false</useDomainConstraints>
<use>1</use>
<logicalDatatype>LOGDT019</logicalDatatype>
<ownDataTypeParameters>,,</ownDataTypeParameters>
<previousColumn>false</previousColumn>
<autoIncrementCycle>false</autoIncrementCycle>
<associations>
<colAssociation fkAssociation="B7D06B11-344B-4636-F0F0-5E8A366E02A3" referredColumn="F86946E2-CA71-6810-10A9-F044CE0C4807"/>
</associations>
</Column>
<Column name="TAREA_SERVICIO_Co_Servicio" id="0DFCECD6-5717-A48C-73C4-5E6E46B9C044">
<createdBy>yvasquez</createdBy>
<createdTime>2022-02-14 01:05:05 UTC</createdTime>
<generatorID>3C870D6D-462D-4E02-667C-27880990A837</generatorID>
<ownerDesignName>G2_TF_E22A</ownerDesignName>
<useDomainConstraints>false</useDomainConstraints>
<use>1</use>
<ownDataTypeParameters>,,</ownDataTypeParameters>
<previousColumn>false</previousColumn>
<autoIncrementCycle>false</autoIncrementCycle>
<associations>
<colAssociation fkAssociation="E9849ACF-B52D-4928-78D9-398700502D10" referredColumn="6CA2C37F-41EF-CBDC-309F-9A65528C80CB"/>
</associations>
</Column>
<Column name="TAREA_Co_Tarea" id="6B1DD1CA-051D-D94C-EDB0-1096A1A4FA6C">
<createdBy>yvasquez</createdBy>
<createdTime>2022-02-14 01:05:05 UTC</createdTime>
<generatorID>27AD18C9-7B88-27DA-B6D7-A4602B9838D3</generatorID>
<ownerDesignName>G2_TF_E22A</ownerDesignName>
<useDomainConstraints>false</useDomainConstraints>
<use>1</use>
<logicalDatatype>LOGDT019</logicalDatatype>
<ownDataTypeParameters>,,</ownDataTypeParameters>
<previousColumn>false</previousColumn>
<autoIncrementCycle>false</autoIncrementCycle>
<associations>
<colAssociation fkAssociation="E9849ACF-B52D-4928-78D9-398700502D10" referredColumn="3F2384A2-9514-C4B8-9D84-A50A03E4E063"/>
</associations>
</Column>
<Column name="Qt_TiempoTarea" id="DBF62F9B-59E5-8AE5-3A63-3278D7867574">
<createdBy>yvasquez</createdBy>
<createdTime>2022-02-14 01:05:05 UTC</createdTime>
<generatorID>CD77BAFE-74FE-6C6E-05F5-36052FC2B518</generatorID>
<ownerDesignName>G2_TF_E22A</ownerDesignName>
<nullsAllowed>true</nullsAllowed>
<useDomainConstraints>false</useDomainConstraints>
<use>1</use>
<logicalDatatype>LOGDT019</logicalDatatype>
<ownDataTypeParameters>,,</ownDataTypeParameters>
<autoIncrementCycle>false</autoIncrementCycle>
</Column>
<Column name="Tx_Descripcion_Tarea" id="4369AEF4-85ED-1F80-9506-64CCD13D8C76">
<createdBy>yvasquez</createdBy>
<createdTime>2022-02-14 01:05:05 UTC</createdTime>
<generatorID>667F373D-F1BB-09E2-5663-53CDCA5F02B8</generatorID>
<ownerDesignName>G2_TF_E22A</ownerDesignName>
<nullsAllowed>true</nullsAllowed>
<useDomainConstraints>false</useDomainConstraints>
<use>1</use>
<logicalDatatype>LOGDT024</logicalDatatype>
<ownDataTypeParameters>,,</ownDataTypeParameters>
<autoIncrementCycle>false</autoIncrementCycle>
</Column>
</columns>
<indexes itemClass="oracle.dbtools.crest.model.design.relational.Index">
<ind_PK_UK id="7843742E-49BC-0FC4-6C3E-1C26A59AE4B1" name="INFORME_POR_SERVICIO_PK">
<createdBy>yvasquez</createdBy>
<createdTime>2022-02-14 01:05:05 UTC</createdTime>
<generatorID>E9A0973D-D3A2-D7F5-BC91-96C6D853AB83</generatorID>
<ownerDesignName>G2_TF_E22A</ownerDesignName>
<pk>true</pk>
<indexState>Primary Constraint</indexState>
<isSurrogateKey>false</isSurrogateKey>
<indexColumnUsage>
<colUsage columnID="6B1DD1CA-051D-D94C-EDB0-1096A1A4FA6C"/>
<colUsage columnID="0DFCECD6-5717-A48C-73C4-5E6E46B9C044"/>
<colUsage columnID="04DD5673-AFC1-40AC-7CEC-902BEC46D771"/>
</indexColumnUsage>
</ind_PK_UK>
<ind_PK_UK id="E2CBD547-03CA-D5C2-1A44-92112B4C2765" name="INFORME_POR_SERVICIO_TAREA_FK">
<createdBy>yvasquez</createdBy>
<createdTime>2022-02-14 01:05:05 UTC</createdTime>
<generatorID>5E5E8C3F-417B-4C2E-1864-6ABE40EE9512</generatorID>
<ownerDesignName>G2_TF_E22A</ownerDesignName>
<indexState>Foreign Key</indexState>
<isSurrogateKey>false</isSurrogateKey>
<indexColumnUsage>
<colUsage columnID="6B1DD1CA-051D-D94C-EDB0-1096A1A4FA6C"/>
<colUsage columnID="0DFCECD6-5717-A48C-73C4-5E6E46B9C044"/>
</indexColumnUsage>
</ind_PK_UK>
<ind_PK_UK id="79B244A7-C395-8062-F05E-6465F3A1B4F3" name="INFORME_POR_SERVICIO_SOLICITUD_FK">
<createdBy>yvasquez</createdBy>
<createdTime>2022-02-14 01:05:05 UTC</createdTime>
<generatorID>B73EA99B-3244-C1A7-8FFB-153D1ED8C311</generatorID>
<ownerDesignName>G2_TF_E22A</ownerDesignName>
<indexState>Foreign Key</indexState>
<isSurrogateKey>false</isSurrogateKey>
<indexColumnUsage>
<colUsage columnID="04DD5673-AFC1-40AC-7CEC-902BEC46D771"/>
</indexColumnUsage>
</ind_PK_UK>
</indexes>
</Table>