<?xml version = '1.0' encoding = 'UTF-8'?>
<Table class="oracle.dbtools.crest.model.design.relational.Table" directorySegmentName="seg_0" id="EE253029-3923-98B2-1087-404322547D5D" name="HERRAMIENTA_POR_TAREA">
<createdBy>yvasquez</createdBy>
<createdTime>2022-02-14 01:05:05 UTC</createdTime>
<generatorID>B2397DEB-AD4F-E629-0637-F8BA419EB5E3</generatorID>
<ownerDesignName>G2_TF_E22A</ownerDesignName>
<allowColumnReorder>false</allowColumnReorder>
<existDependencyGenerateInDDl>true</existDependencyGenerateInDDl>
<parsed>true</parsed>
<columns itemClass="oracle.dbtools.crest.model.design.relational.Column">
<Column name="INFORME_POR_SERVICIO_SOLICITUD_Co_Solicitud" id="56F535C1-BCE4-88FE-F9E9-BB1EBD22305C">
<createdBy>yvasquez</createdBy>
<createdTime>2022-02-14 01:05:05 UTC</createdTime>
<generatorID>A6654428-02CB-748D-1598-3D5643078802</generatorID>
<ownerDesignName>G2_TF_E22A</ownerDesignName>
<useDomainConstraints>false</useDomainConstraints>
<use>1</use>
<logicalDatatype>LOGDT019</logicalDatatype>
<ownDataTypeParameters>,,</ownDataTypeParameters>
<previousColumn>false</previousColumn>
<autoIncrementCycle>false</autoIncrementCycle>
<associations>
<colAssociation fkAssociation="F70BB64F-17EB-D0DE-FFA5-56C0945B66DF" referredColumn="04DD5673-AFC1-40AC-7CEC-902BEC46D771"/>
</associations>
</Column>
<Column name="INFORME_POR_SERVICIO_TAREA_SERVICIO_Co_Servicio" id="850908E0-D576-520C-38BA-66507F45EF7C">
<createdBy>yvasquez</createdBy>
<createdTime>2022-02-14 01:05:05 UTC</createdTime>
<generatorID>0651B33B-CB69-6BE1-6179-37F260CE623A</generatorID>
<ownerDesignName>G2_TF_E22A</ownerDesignName>
<useDomainConstraints>false</useDomainConstraints>
<use>1</use>
<ownDataTypeParameters>,,</ownDataTypeParameters>
<previousColumn>false</previousColumn>
<autoIncrementCycle>false</autoIncrementCycle>
<associations>
<colAssociation fkAssociation="F70BB64F-17EB-D0DE-FFA5-56C0945B66DF" referredColumn="0DFCECD6-5717-A48C-73C4-5E6E46B9C044"/>
</associations>
</Column>
<Column name="INFORME_POR_SERVICIO_TAREA_Co_Tarea" id="533B6948-0C6E-FA0C-B4CE-DBF62A3E9FC2">
<createdBy>yvasquez</createdBy>
<createdTime>2022-02-14 01:05:05 UTC</createdTime>
<generatorID>0689A270-BF16-8F54-DE8A-774DB0764EDB</generatorID>
<ownerDesignName>G2_TF_E22A</ownerDesignName>
<useDomainConstraints>false</useDomainConstraints>
<use>1</use>
<logicalDatatype>LOGDT019</logicalDatatype>
<ownDataTypeParameters>,,</ownDataTypeParameters>
<previousColumn>false</previousColumn>
<autoIncrementCycle>false</autoIncrementCycle>
<associations>
<colAssociation fkAssociation="F70BB64F-17EB-D0DE-FFA5-56C0945B66DF" referredColumn="6B1DD1CA-051D-D94C-EDB0-1096A1A4FA6C"/>
</associations>
</Column>
<Column name="HERRAMIENTA_Co_Herramienta" id="1AB5B6F5-FA6C-AE8F-85EF-941780A9142B">
<createdBy>yvasquez</createdBy>
<createdTime>2022-02-14 01:05:05 UTC</createdTime>
<generatorID>A2661E23-9785-83A3-BCB7-98A23C3746E6</generatorID>
<ownerDesignName>G2_TF_E22A</ownerDesignName>
<useDomainConstraints>false</useDomainConstraints>
<use>1</use>
<logicalDatatype>LOGDT019</logicalDatatype>
<ownDataTypeParameters>,,</ownDataTypeParameters>
<previousColumn>false</previousColumn>
<autoIncrementCycle>false</autoIncrementCycle>
<associations>
<colAssociation fkAssociation="7AD1A928-9E33-1548-B169-90E2BDDE09A5" referredColumn="5A7395AD-4503-BA29-B437-CDBD413FEFA5"/>
</associations>
</Column>
<Column name="Qt_Herramienta_Tarea" id="3D2E92B5-CD24-0A40-FFC0-12F20CF0D023">
<createdBy>yvasquez</createdBy>
<createdTime>2022-02-14 01:05:05 UTC</createdTime>
<generatorID>9F6297F9-615F-8F05-99B6-0ED2B379F6AB</generatorID>
<ownerDesignName>G2_TF_E22A</ownerDesignName>
<nullsAllowed>true</nullsAllowed>
<use>0</use>
<ownDataTypeParameters>,,</ownDataTypeParameters>
<autoIncrementCycle>false</autoIncrementCycle>
</Column>
</columns>
<indexes itemClass="oracle.dbtools.crest.model.design.relational.Index">
<ind_PK_UK id="A58F1505-CCFE-4766-D22D-B803E1904305" name="HERRAMIENTA_POR_TAREA_PK">
<createdBy>yvasquez</createdBy>
<createdTime>2022-02-14 01:05:05 UTC</createdTime>
<generatorID>CB15C0FB-4921-F979-D41D-EA9EE7B30E08</generatorID>
<ownerDesignName>G2_TF_E22A</ownerDesignName>
<pk>true</pk>
<indexState>Primary Constraint</indexState>
<isSurrogateKey>false</isSurrogateKey>
<indexColumnUsage>
<colUsage columnID="1AB5B6F5-FA6C-AE8F-85EF-941780A9142B"/>
<colUsage columnID="533B6948-0C6E-FA0C-B4CE-DBF62A3E9FC2"/>
<colUsage columnID="850908E0-D576-520C-38BA-66507F45EF7C"/>
<colUsage columnID="56F535C1-BCE4-88FE-F9E9-BB1EBD22305C"/>
</indexColumnUsage>
</ind_PK_UK>
<ind_PK_UK id="D51C2B70-88D9-8DB0-7F24-B83CF16D7B3E" name="HERRAMIENTA_POR_TAREA_INFORME_POR_SERVICIO_FK">
<createdBy>yvasquez</createdBy>
<createdTime>2022-02-14 01:05:05 UTC</createdTime>
<generatorID>5E03AF9F-594F-ACC4-5520-7BB44C5AEDDD</generatorID>
<ownerDesignName>G2_TF_E22A</ownerDesignName>
<indexState>Foreign Key</indexState>
<isSurrogateKey>false</isSurrogateKey>
<indexColumnUsage>
<colUsage columnID="533B6948-0C6E-FA0C-B4CE-DBF62A3E9FC2"/>
<colUsage columnID="850908E0-D576-520C-38BA-66507F45EF7C"/>
<colUsage columnID="56F535C1-BCE4-88FE-F9E9-BB1EBD22305C"/>
</indexColumnUsage>
</ind_PK_UK>
<ind_PK_UK id="E3230EAC-444F-5183-8EE6-B8B02DAC2C0B" name="HERRAMIENTA_POR_TAREA_HERRAMIENTA_FK">
<createdBy>yvasquez</createdBy>
<createdTime>2022-02-14 01:05:05 UTC</createdTime>
<generatorID>DFD2397F-87F1-7469-6B15-4D0300086D7F</generatorID>
<ownerDesignName>G2_TF_E22A</ownerDesignName>
<indexState>Foreign Key</indexState>
<isSurrogateKey>false</isSurrogateKey>
<indexColumnUsage>
<colUsage columnID="1AB5B6F5-FA6C-AE8F-85EF-941780A9142B"/>
</indexColumnUsage>
</ind_PK_UK>
</indexes>
</Table>