<?xml version = '1.0' encoding = 'UTF-8'?>
<Relation class="oracle.dbtools.crest.model.design.logical.Relation" name="Relation_4" directorySegmentName="seg_0" id="A645FCBB-7949-CA21-32AF-122981194596">
<createdBy>rosan</createdBy>
<createdTime>2021-11-10 03:03:32 UTC</createdTime>
<ownerDesignName>Pinacoteca</ownerDesignName>
<engineerTo>
<item key="DC4A0FB7-3E46-6861-33C2-705C8F58903A" value="true"/>
</engineerTo>
<targetPk>980E5C72-98DD-F5D4-D373-36689CA907DB</targetPk>
<identifying>false</identifying>
<optionalSource>true</optionalSource>
<optionalTarget>true</optionalTarget>
<sourceCardinality>1</sourceCardinality>
<sourceEntity>8159B29D-0A56-3427-A491-28416331CC6F</sourceEntity>
<targetCardinalityString>*</targetCardinalityString>
<targetEntity>8159B29D-0A56-3427-A491-28416331CC6F</targetEntity>
<transferable>true</transferable>
<deleteRule>NO ACTION</deleteRule>
</Relation>