<?xml version = '1.0' encoding = 'UTF-8'?>
<Relation class="oracle.dbtools.crest.model.design.logical.Relation" name="Relation_1" directorySegmentName="seg_0" id="B8D9A636-0729-4B5E-29FA-668B908612A7">
<createdBy>rosan</createdBy>
<createdTime>2021-11-10 02:50:56 UTC</createdTime>
<ownerDesignName>Pinacoteca</ownerDesignName>
<engineerTo>
<item key="DC4A0FB7-3E46-6861-33C2-705C8F58903A" value="true"/>
</engineerTo>
<sourcePk>114B4D8F-527C-4796-C077-7294B3620108</sourcePk>
<identifying>false</identifying>
<optionalSource>false</optionalSource>
<optionalTarget>false</optionalTarget>
<sourceCardinality>1</sourceCardinality>
<sourceEntity>D66C54F7-60FD-68C4-9E0B-0F69411D282C</sourceEntity>
<targetCardinalityString>*</targetCardinalityString>
<targetEntity>38D12662-3279-C813-A3BD-FC46F9CCFA16</targetEntity>
<transferable>true</transferable>
<deleteRule>NO ACTION</deleteRule>
</Relation>