<?xml version = '1.0' encoding = 'UTF-8'?>
<Relation class="oracle.dbtools.crest.model.design.logical.Relation" name="Relation_3" directorySegmentName="seg_0" id="DB21556A-4F8A-7A25-F808-6BC38FD70246">
<createdBy>rosan</createdBy>
<createdTime>2021-11-10 02:54:49 UTC</createdTime>
<ownerDesignName>Pinacoteca</ownerDesignName>
<engineerTo>
<item key="DC4A0FB7-3E46-6861-33C2-705C8F58903A" value="true"/>
</engineerTo>
<sourcePk>980E5C72-98DD-F5D4-D373-36689CA907DB</sourcePk>
<identifying>false</identifying>
<optionalSource>false</optionalSource>
<optionalTarget>false</optionalTarget>
<sourceCardinality>1</sourceCardinality>
<sourceEntity>8159B29D-0A56-3427-A491-28416331CC6F</sourceEntity>
<targetCardinalityString>*</targetCardinalityString>
<targetEntity>38D12662-3279-C813-A3BD-FC46F9CCFA16</targetEntity>
<transferable>true</transferable>
<deleteRule>NO ACTION</deleteRule>
</Relation>