<?xml version = '1.0' encoding = 'UTF-8'?>
<Diagram class="oracle.dbtools.crest.swingui.relational.DPVRelational" name="Relational_1" id="85444E4C-DE21-90A7-2A06-7B162CCD3BB4">
<createdBy>Intel</createdBy>
<modifiedBy>Intel</modifiedBy>
<createdTime>2022-02-09 04:27:38 UTC</createdTime>
<autoRoute>false</autoRoute>
<boxInbox>false</boxInbox>
<showLegend>false</showLegend>
<showLabels>false</showLabels>
<showRelAttributes>false</showRelAttributes>
<gridEnabled>false</gridEnabled>
<showGrid>false</showGrid>
<diagramColor>-1</diagramColor>
<display>false</display>
<notation>0</notation>
<objectViews>
<OView class="oracle.dbtools.crest.swingui.relational.TVTable" oid="088B123C-8446-FEAA-AA5B-66145520B8D3" otype="Table" vid="B2143574-1A9D-3E59-EB74-3640206260A7">
<hideElementsInCurrentOnly>false</hideElementsInCurrentOnly>
<bounds x="1060" y="68" width="216" height="99"/>
</OView>
<OView class="oracle.dbtools.crest.swingui.relational.TVTable" oid="0DC0A341-CD3E-9BF9-3CB5-E68FC8C59218" otype="Table" vid="B4722AAA-92BE-245D-17A4-F7DD67520696">
<hideElementsInCurrentOnly>false</hideElementsInCurrentOnly>
<bounds x="1048" y="677" width="245" height="92"/>
</OView>
<OView class="oracle.dbtools.crest.swingui.relational.TVTable" oid="100B2AF7-7600-9CD5-E2A8-77A0A7C766E2" otype="Table" vid="207AEB34-9FD4-A8F3-52AB-2EA74EA4AC4B">
<hideElementsInCurrentOnly>false</hideElementsInCurrentOnly>
<bounds x="602" y="749" width="255" height="139"/>
</OView>
<OView class="oracle.dbtools.crest.swingui.relational.TVTable" oid="1871402E-467D-CA93-3577-F1E3130FE8D5" otype="Table" vid="E1A17A80-3252-1F28-918C-752DC76E6748">
<hideElementsInCurrentOnly>false</hideElementsInCurrentOnly>
<bounds x="598" y="241" width="248" height="100"/>
</OView>
<OView class="oracle.dbtools.crest.swingui.relational.TVTable" oid="22821AFC-FBDD-CF1A-E7D0-1666798A7795" otype="Table" vid="D9C717FA-32B7-3173-48B8-2594599C31DE">
<hideElementsInCurrentOnly>false</hideElementsInCurrentOnly>
<bounds x="1294" y="250" width="198" height="119"/>
</OView>
<OView class="oracle.dbtools.crest.swingui.relational.TVTable" oid="2AA1E5DC-650E-4C88-4FA2-2FCA1A719131" otype="Table" vid="9A9A6B14-610B-DEC0-37D6-997DC3975244">
<hideElementsInCurrentOnly>false</hideElementsInCurrentOnly>
<bounds x="15" y="273" width="201" height="74"/>
</OView>
<OView class="oracle.dbtools.crest.swingui.relational.TVTable" oid="3FCC445D-1733-5C08-411D-D4824CBE9E08" otype="Table" vid="C4C34C3D-0DA5-FA82-7C3E-C7035212413C">
<hideElementsInCurrentOnly>false</hideElementsInCurrentOnly>
<bounds x="10" y="506" width="219" height="75"/>
</OView>
<OView class="oracle.dbtools.crest.swingui.relational.TVTable" oid="49606C34-12C8-988F-CA22-FD0FF7567859" otype="Table" vid="3B0F6F7A-F1A2-C42A-A938-ACFC72821DC0">
<hideElementsInCurrentOnly>false</hideElementsInCurrentOnly>
<bounds x="693" y="62" width="219" height="88"/>
</OView>
<OView class="oracle.dbtools.crest.swingui.relational.TVTable" oid="546C097E-400C-08C5-5E91-31B8B46362E3" otype="Table" vid="88C97BB3-4978-DCD3-2756-F1A02A9C615B">
<hideElementsInCurrentOnly>false</hideElementsInCurrentOnly>
<bounds x="91" y="103" width="205" height="141"/>
</OView>
<OView class="oracle.dbtools.crest.swingui.relational.TVTable" oid="713CF227-3EDD-D073-94CD-80225D4D9E68" otype="Table" vid="9F47DBF2-3B86-AE27-2A4B-F1D1A4CD73CD">
<hideElementsInCurrentOnly>false</hideElementsInCurrentOnly>
<bounds x="282" y="377" width="238" height="46"/>
</OView>
<OView class="oracle.dbtools.crest.swingui.relational.TVTable" oid="936447AA-CFC8-AF8C-AD86-10E172F2EBFE" otype="Table" vid="191BDB5F-6191-E007-1474-A48DBE0F6A2E">
<hideElementsInCurrentOnly>false</hideElementsInCurrentOnly>
<bounds x="254" y="629" width="263" height="87"/>
</OView>
<OView class="oracle.dbtools.crest.swingui.relational.TVTable" oid="965B9635-A6AA-5FA9-7A65-7354FE07E8F9" otype="Table" vid="5FBAA2EA-6261-629C-E529-F5A2EB101820">
<hideElementsInCurrentOnly>false</hideElementsInCurrentOnly>
<bounds x="322" y="271" width="170" height="56"/>
</OView>
<OView class="oracle.dbtools.crest.swingui.relational.TVTable" oid="ACC1C0A9-795A-ADEE-0B4B-2EFBA788CD45" otype="Table" vid="942F0E12-C720-C419-7D29-8EF5B6609A23">
<hideElementsInCurrentOnly>false</hideElementsInCurrentOnly>
<bounds x="1292" y="503" width="266" height="100"/>
</OView>
<OView class="oracle.dbtools.crest.swingui.relational.TVTable" oid="C0730D1A-AE67-D35B-5844-340D4F67524E" otype="Table" vid="05217327-9962-EAF9-4ED8-0E2D96CD31DB">
<hideElementsInCurrentOnly>false</hideElementsInCurrentOnly>
<bounds x="250" y="450" width="170" height="110"/>
</OView>
<OView class="oracle.dbtools.crest.swingui.relational.TVTable" oid="C5581C26-6028-98E6-B2B1-298EBEF3F0BC" otype="Table" vid="0FFBB17C-B0B5-3DC6-A022-618617293757">
<hideElementsInCurrentOnly>false</hideElementsInCurrentOnly>
<bounds x="590" y="470" width="271" height="185"/>
</OView>
<OView class="oracle.dbtools.crest.swingui.relational.TVTable" oid="CBEC93E3-CC9C-333C-9969-51C76537BEE3" otype="Table" vid="2744E8E3-B4C7-680A-41C4-819FD0AFF203">
<hideElementsInCurrentOnly>false</hideElementsInCurrentOnly>
<bounds x="914" y="274" width="240" height="119"/>
</OView>
<OView class="oracle.dbtools.crest.swingui.relational.TVTable" oid="EE253029-3923-98B2-1087-404322547D5D" otype="Table" vid="BCA27212-15D1-6DD9-D4B8-D7E0CCB6D8E8">
<hideElementsInCurrentOnly>false</hideElementsInCurrentOnly>
<bounds x="1004" y="481" width="205" height="114"/>
</OView>
</objectViews>
<connectors>
<Connector class="oracle.dbtools.crest.swingui.relational.TVFKRelation" oid="0183286D-5853-1B60-FB3E-25BC36CAAF41" otype="FKIndexAssociation" vid_source="88C97BB3-4978-DCD3-2756-F1A02A9C615B" vid_target="9A9A6B14-610B-DEC0-37D6-997DC3975244">
<hideElementsInCurrentOnly>false</hideElementsInCurrentOnly>
<backgroundColor>-16777216</backgroundColor>
<lineWidth>1</lineWidth>
<points>
<point x="153" y="244"/>
<point x="153" y="273"/>
</points>
</Connector>
<Connector class="oracle.dbtools.crest.swingui.relational.TVFKRelation" oid="4413A31D-453F-098C-FE38-5535EF315DFF" otype="FKIndexAssociation" vid_source="9A9A6B14-610B-DEC0-37D6-997DC3975244" vid_target="9F47DBF2-3B86-AE27-2A4B-F1D1A4CD73CD">
<hideElementsInCurrentOnly>false</hideElementsInCurrentOnly>
<backgroundColor>-16777216</backgroundColor>
<lineWidth>1</lineWidth>
<points>
<point x="216" y="341"/>
<point x="328" y="377"/>
</points>
</Connector>
<Connector class="oracle.dbtools.crest.swingui.relational.TVFKRelation" oid="4AD6FBAC-4E6E-ED87-7F1C-7B976E6B5794" otype="FKIndexAssociation" vid_source="0FFBB17C-B0B5-3DC6-A022-618617293757" vid_target="E1A17A80-3252-1F28-918C-752DC76E6748">
<hideElementsInCurrentOnly>false</hideElementsInCurrentOnly>
<backgroundColor>-16777216</backgroundColor>
<lineWidth>1</lineWidth>
<points>
<point x="722" y="470"/>
<point x="722" y="341"/>
</points>
</Connector>
<Connector class="oracle.dbtools.crest.swingui.relational.TVFKRelation" oid="5B0D0551-0B7A-B347-C8D2-BF823AA3098F" otype="FKIndexAssociation" vid_source="5FBAA2EA-6261-629C-E529-F5A2EB101820" vid_target="E1A17A80-3252-1F28-918C-752DC76E6748">
<hideElementsInCurrentOnly>false</hideElementsInCurrentOnly>
<backgroundColor>-16777216</backgroundColor>
<lineWidth>1</lineWidth>
<points>
<point x="492" y="299"/>
<point x="598" y="299"/>
</points>
</Connector>
<Connector class="oracle.dbtools.crest.swingui.relational.TVFKRelation" oid="7AD1A928-9E33-1548-B169-90E2BDDE09A5" otype="FKIndexAssociation" vid_source="B4722AAA-92BE-245D-17A4-F7DD67520696" vid_target="BCA27212-15D1-6DD9-D4B8-D7E0CCB6D8E8">
<hideElementsInCurrentOnly>false</hideElementsInCurrentOnly>
<backgroundColor>-16777216</backgroundColor>
<lineWidth>1</lineWidth>
<points>
<point x="1128" y="677"/>
<point x="1128" y="595"/>
</points>
</Connector>
<Connector class="oracle.dbtools.crest.swingui.relational.TVFKRelation" oid="83E99A4B-C243-9BCF-6F86-85953D5CFFB2" otype="FKIndexAssociation" vid_source="0FFBB17C-B0B5-3DC6-A022-618617293757" vid_target="191BDB5F-6191-E007-1474-A48DBE0F6A2E">
<hideElementsInCurrentOnly>false</hideElementsInCurrentOnly>
<backgroundColor>-16777216</backgroundColor>
<lineWidth>1</lineWidth>
<points>
<point x="590" y="642"/>
<point x="517" y="642"/>
</points>
</Connector>
<Connector class="oracle.dbtools.crest.swingui.relational.TVFKRelation" oid="86B251EE-AF12-CAFF-570B-22DD2B51A8CD" otype="FKIndexAssociation" vid_source="9F47DBF2-3B86-AE27-2A4B-F1D1A4CD73CD" vid_target="E1A17A80-3252-1F28-918C-752DC76E6748">
<hideElementsInCurrentOnly>false</hideElementsInCurrentOnly>
<backgroundColor>-16777216</backgroundColor>
<lineWidth>1</lineWidth>
<points>
<point x="468" y="377"/>
<point x="598" y="333"/>
</points>
</Connector>
<Connector class="oracle.dbtools.crest.swingui.relational.TVFKRelation" oid="92D5443B-8E94-3757-A548-59CA2A3CCEAA" otype="FKIndexAssociation" vid_source="C4C34C3D-0DA5-FA82-7C3E-C7035212413C" vid_target="05217327-9962-EAF9-4ED8-0E2D96CD31DB">
<hideElementsInCurrentOnly>false</hideElementsInCurrentOnly>
<backgroundColor>-16777216</backgroundColor>
<lineWidth>1</lineWidth>
<points>
<point x="229" y="533"/>
<point x="250" y="533"/>
</points>
</Connector>
<Connector class="oracle.dbtools.crest.swingui.relational.TVFKRelation" oid="A6285A96-BDDA-A56D-8C1B-1528381CA611" otype="FKIndexAssociation" vid_source="9A9A6B14-610B-DEC0-37D6-997DC3975244" vid_target="5FBAA2EA-6261-629C-E529-F5A2EB101820">
<hideElementsInCurrentOnly>false</hideElementsInCurrentOnly>
<backgroundColor>-16777216</backgroundColor>
<lineWidth>1</lineWidth>
<points>
<point x="216" y="300"/>
<point x="322" y="300"/>
</points>
</Connector>
<Connector class="oracle.dbtools.crest.swingui.relational.TVFKRelation" oid="A93206DD-7D59-4FB2-05E7-28BE20E09CB3" otype="FKIndexAssociation" vid_source="207AEB34-9FD4-A8F3-52AB-2EA74EA4AC4B" vid_target="0FFBB17C-B0B5-3DC6-A022-618617293757">
<hideElementsInCurrentOnly>false</hideElementsInCurrentOnly>
<backgroundColor>-16777216</backgroundColor>
<lineWidth>1</lineWidth>
<points>
<point x="729" y="749"/>
<point x="729" y="655"/>
</points>
</Connector>
<Connector class="oracle.dbtools.crest.swingui.relational.TVFKRelation" oid="B7D06B11-344B-4636-F0F0-5E8A366E02A3" otype="FKIndexAssociation" vid_source="0FFBB17C-B0B5-3DC6-A022-618617293757" vid_target="2744E8E3-B4C7-680A-41C4-819FD0AFF203">
<hideElementsInCurrentOnly>false</hideElementsInCurrentOnly>
<backgroundColor>-16777216</backgroundColor>
<lineWidth>1</lineWidth>
<points>
<point x="850" y="470"/>
<point x="953" y="393"/>
</points>
</Connector>
<Connector class="oracle.dbtools.crest.swingui.relational.TVFKRelation" oid="B99ADD88-7B5A-C1F2-1BFF-7B7A2D803907" otype="FKIndexAssociation" vid_source="942F0E12-C720-C419-7D29-8EF5B6609A23" vid_target="D9C717FA-32B7-3173-48B8-2594599C31DE">
<hideElementsInCurrentOnly>false</hideElementsInCurrentOnly>
<backgroundColor>-16777216</backgroundColor>
<lineWidth>1</lineWidth>
<points>
<point x="1393" y="503"/>
<point x="1393" y="369"/>
</points>
</Connector>
<Connector class="oracle.dbtools.crest.swingui.relational.TVFKRelation" oid="CF6497CD-3159-7807-B22C-D63A0164178E" otype="FKIndexAssociation" vid_source="3B0F6F7A-F1A2-C42A-A938-ACFC72821DC0" vid_target="E1A17A80-3252-1F28-918C-752DC76E6748">
<hideElementsInCurrentOnly>false</hideElementsInCurrentOnly>
<backgroundColor>-16777216</backgroundColor>
<lineWidth>1</lineWidth>
<points>
<point x="769" y="150"/>
<point x="769" y="241"/>
</points>
</Connector>
<Connector class="oracle.dbtools.crest.swingui.relational.TVFKRelation" oid="D3A6E284-0C59-A842-1E1A-515AB0793C72" otype="FKIndexAssociation" vid_source="9F47DBF2-3B86-AE27-2A4B-F1D1A4CD73CD" vid_target="0FFBB17C-B0B5-3DC6-A022-618617293757">
<hideElementsInCurrentOnly>false</hideElementsInCurrentOnly>
<backgroundColor>-16777216</backgroundColor>
<lineWidth>1</lineWidth>
<points>
<point x="446" y="423"/>
<point x="590" y="494"/>
</points>
</Connector>
<Connector class="oracle.dbtools.crest.swingui.relational.TVFKRelation" oid="E17255CF-303A-B327-ACBD-363DB3BB4110" otype="FKIndexAssociation" vid_source="3B0F6F7A-F1A2-C42A-A938-ACFC72821DC0" vid_target="B2143574-1A9D-3E59-EB74-3640206260A7">
<hideElementsInCurrentOnly>false</hideElementsInCurrentOnly>
<backgroundColor>-16777216</backgroundColor>
<lineWidth>1</lineWidth>
<points>
<point x="912" y="109"/>
<point x="1060" y="109"/>
</points>
</Connector>
<Connector class="oracle.dbtools.crest.swingui.relational.TVFKRelation" oid="E93C38B4-C2B0-074C-DB5B-F806A4FF0D40" otype="FKIndexAssociation" vid_source="2744E8E3-B4C7-680A-41C4-819FD0AFF203" vid_target="D9C717FA-32B7-3173-48B8-2594599C31DE">
<hideElementsInCurrentOnly>false</hideElementsInCurrentOnly>
<backgroundColor>-16777216</backgroundColor>
<lineWidth>1</lineWidth>
<points>
<point x="1154" y="321"/>
<point x="1294" y="321"/>
</points>
</Connector>
<Connector class="oracle.dbtools.crest.swingui.relational.TVFKRelation" oid="E9849ACF-B52D-4928-78D9-398700502D10" otype="FKIndexAssociation" vid_source="B2143574-1A9D-3E59-EB74-3640206260A7" vid_target="2744E8E3-B4C7-680A-41C4-819FD0AFF203">
<hideElementsInCurrentOnly>false</hideElementsInCurrentOnly>
<backgroundColor>-16777216</backgroundColor>
<lineWidth>1</lineWidth>
<points>
<point x="1107" y="167"/>
<point x="1107" y="274"/>
</points>
</Connector>
<Connector class="oracle.dbtools.crest.swingui.relational.TVFKRelation" oid="EEDED6F2-3753-27BF-1798-794A82FCD6CE" otype="FKIndexAssociation" vid_source="9F47DBF2-3B86-AE27-2A4B-F1D1A4CD73CD" vid_target="05217327-9962-EAF9-4ED8-0E2D96CD31DB">
<hideElementsInCurrentOnly>false</hideElementsInCurrentOnly>
<backgroundColor>-16777216</backgroundColor>
<lineWidth>1</lineWidth>
<points>
<point x="351" y="423"/>
<point x="351" y="450"/>
</points>
</Connector>
<Connector class="oracle.dbtools.crest.swingui.relational.TVFKRelation" oid="F70BB64F-17EB-D0DE-FFA5-56C0945B66DF" otype="FKIndexAssociation" vid_source="2744E8E3-B4C7-680A-41C4-819FD0AFF203" vid_target="BCA27212-15D1-6DD9-D4B8-D7E0CCB6D8E8">
<hideElementsInCurrentOnly>false</hideElementsInCurrentOnly>
<backgroundColor>-16777216</backgroundColor>
<lineWidth>1</lineWidth>
<points>
<point x="1079" y="393"/>
<point x="1079" y="481"/>
</points>
</Connector>
</connectors>
<arcs>
<Arc class="oracle.dbtools.crest.swingui.relational.TVFKArc" oid="0BA3FA07-5B6B-CD35-3341-16597FF94C77" otype="FKArc" vid="39AF08A6-D533-5920-E22E-E2BA470CCE6D">
<hideElementsInCurrentOnly>false</hideElementsInCurrentOnly>
<bounds x="-5" y="253" width="241" height="114"/>
</Arc>
</arcs>
</Diagram>