<?xml version = '1.0' encoding = 'UTF-8'?>
<Diagram class="oracle.dbtools.crest.swingui.logical.DPVLogical" name="Logical" id="751BE218-32AB-C6F4-D1AB-9ADB6E1809BC">
<createdBy>rosan</createdBy>
<modifiedBy>rosan</modifiedBy>
<createdTime>2021-11-10 03:17:11 UTC</createdTime>
<autoRoute>false</autoRoute>
<boxInbox>false</boxInbox>
<showLegend>false</showLegend>
<showLabels>false</showLabels>
<showRelAttributes>false</showRelAttributes>
<gridEnabled>false</gridEnabled>
<showGrid>false</showGrid>
<diagramColor>-1</diagramColor>
<display>false</display>
<notation>0</notation>
<showAllDetails>false</showAllDetails>
<showElements>true</showElements>
<objectViews>
<OView class="oracle.dbtools.crest.swingui.logical.TVEntity" oid="0320F734-12B8-034A-3743-649CBCFBC6A2" otype="Entity" vid="94B2DF0F-CBE8-00DF-E1E6-7EE4EFC5F74C">
<hideElementsInCurrentOnly>false</hideElementsInCurrentOnly>
<bounds x="569" y="613" width="170" height="76"/>
</OView>
<OView class="oracle.dbtools.crest.swingui.TVNote" oid="264637EC-5A68-FAD3-D736-BB9B2455E4E7" otype="Note" vid="BE340A39-142E-3D1E-B704-CA2086A05305">
<hideElementsInCurrentOnly>false</hideElementsInCurrentOnly>
<bounds x="109" y="614" width="95" height="40"/>
<comment>FORMA 3</comment>
</OView>
<OView class="oracle.dbtools.crest.swingui.logical.TVEntity" oid="26530E2C-3B26-80AF-9E0F-CD9AD0FF0CC8" otype="Entity" vid="6E164558-3ADF-7A9A-808F-9D10F878C5A1">
<hideElementsInCurrentOnly>false</hideElementsInCurrentOnly>
<bounds x="669" y="703" width="170" height="110"/>
</OView>
<OView class="oracle.dbtools.crest.swingui.TVNote" oid="29E53105-633A-9FD2-EE53-55264EA2908C" otype="Note" vid="FD4D654E-90ED-8713-5F3C-7E183AB131C0">
<hideElementsInCurrentOnly>false</hideElementsInCurrentOnly>
<bounds x="77" y="45" width="95" height="40"/>
<comment>FORMA 1</comment>
</OView>
<OView class="oracle.dbtools.crest.swingui.TVNote" oid="3CA5AA9A-B88D-B2FD-ECBD-5B0F4A13D6DE" otype="Note" vid="42704FAC-34F3-617D-7455-77A6E6E46D7A">
<hideElementsInCurrentOnly>false</hideElementsInCurrentOnly>
<bounds x="103" y="396" width="95" height="40"/>
<comment>FORMA 2</comment>
</OView>
<OView class="oracle.dbtools.crest.swingui.logical.TVEntity" oid="45C9CD59-8B86-C779-E0E6-CF308EAA4405" otype="Entity" vid="CD87AA4A-0729-E3DE-95D7-8ED00DFB9163">
<hideElementsInCurrentOnly>false</hideElementsInCurrentOnly>
<bounds x="315" y="407" width="170" height="143"/>
</OView>
<OView class="oracle.dbtools.crest.swingui.logical.TVEntity" oid="53CD63BD-F3B9-C613-B72D-2948CD4BCF08" otype="Entity" vid="DC8F200D-F453-47F1-F414-6F105E908570">
<hideElementsInCurrentOnly>false</hideElementsInCurrentOnly>
<bounds x="270" y="753" width="150" height="66"/>
</OView>
<OView class="oracle.dbtools.crest.swingui.logical.TVEntity" oid="5E58A6B3-0DD3-4B64-2206-BDCE4570AE90" otype="Entity" vid="A8D58FD8-FE19-4336-4878-2F82AF8E8EC3">
<hideElementsInCurrentOnly>false</hideElementsInCurrentOnly>
<bounds x="319" y="606" width="170" height="94"/>
</OView>
<OView class="oracle.dbtools.crest.swingui.logical.TVEntity" oid="6F27F6E4-6DEC-BDB6-36C1-53C7F09043DA" otype="Entity" vid="E205F0F2-3BB7-D480-0B9A-4BCEA810A597">
<hideElementsInCurrentOnly>false</hideElementsInCurrentOnly>
<bounds x="440" y="759" width="170" height="68"/>
</OView>
<OView class="oracle.dbtools.crest.swingui.logical.TVEntity" oid="879AD542-63E6-C09F-2AE2-EF637DA18574" otype="Entity" vid="7633AF8E-66BD-579A-75B2-94475A6595D7">
<hideElementsInCurrentOnly>false</hideElementsInCurrentOnly>
<bounds x="51" y="463" width="170" height="110"/>
</OView>
<OView class="oracle.dbtools.crest.swingui.logical.TVEntity" oid="90C817E1-157B-CC35-5DC4-E0C6793CAA54" otype="Entity" vid="FEFA4957-272C-9F53-D51A-0667E6671DC8">
<hideElementsInCurrentOnly>false</hideElementsInCurrentOnly>
<bounds x="410" y="279" width="170" height="110"/>
</OView>
<OView class="oracle.dbtools.crest.swingui.logical.TVEntity" oid="96C44EA3-9902-248E-EBB1-378F61B8DF3C" otype="Entity" vid="892F4C21-700D-C0A2-AEFF-CC35353F3985">
<hideElementsInCurrentOnly>false</hideElementsInCurrentOnly>
<bounds x="590" y="388" width="170" height="76"/>
</OView>
<OView class="oracle.dbtools.crest.swingui.logical.TVEntity" oid="A7A0EE1B-A23D-3E68-035B-EAFD6FEEDA43" otype="Entity" vid="CC0D4908-B8FB-3F80-EF82-892D7F5CFA69">
<hideElementsInCurrentOnly>false</hideElementsInCurrentOnly>
<bounds x="155" y="108" width="170" height="120"/>
</OView>
<OView class="oracle.dbtools.crest.swingui.TVNote" oid="AE52225A-5D0E-6706-D12A-9643EAC925CC" otype="Note" vid="D6332FFC-5E74-B794-8187-5AEB624EBD60">
<hideElementsInCurrentOnly>false</hideElementsInCurrentOnly>
<bounds x="97" y="706" width="95" height="40"/>
<comment>Haga clic dos veces para 
editar el texto.</comment>
</OView>
<OView class="oracle.dbtools.crest.swingui.logical.TVEntity" oid="B48C439B-3E89-62EA-1781-15B0735EC6E8" otype="Entity" vid="966A1158-1F74-F023-67B4-0D051512A460">
<hideElementsInCurrentOnly>false</hideElementsInCurrentOnly>
<bounds x="376" y="126" width="170" height="110"/>
</OView>
<OView class="oracle.dbtools.crest.swingui.logical.TVEntity" oid="C1F8D3DC-1604-8370-FF42-34B24F188C47" otype="Entity" vid="FA8578E4-B360-CCB7-DE44-567B06875712">
<hideElementsInCurrentOnly>false</hideElementsInCurrentOnly>
<bounds x="72" y="786" width="170" height="110"/>
</OView>
<OView class="oracle.dbtools.crest.swingui.logical.TVEntity" oid="C8237EAF-EF62-7E67-1FDA-C84DC9002DA6" otype="Entity" vid="C1386548-247E-907E-CE5A-A503AC1355AD">
<hideElementsInCurrentOnly>false</hideElementsInCurrentOnly>
<bounds x="579" y="476" width="170" height="110"/>
</OView>
<OView class="oracle.dbtools.crest.swingui.logical.TVEntity" oid="D1D74EBF-813B-F5AB-5C0F-BD31ADC16AFA" otype="Entity" vid="361A1F11-AB00-58DB-F108-44311F35A482">
<hideElementsInCurrentOnly>false</hideElementsInCurrentOnly>
<bounds x="56" y="260" width="170" height="110"/>
</OView>
<OView class="oracle.dbtools.crest.swingui.logical.TVEntity" oid="FF704415-2ED6-E960-1964-AE9DDBB75886" otype="Entity" vid="CCA3E527-B0DF-3795-99AC-64D6DD8F5858">
<hideElementsInCurrentOnly>false</hideElementsInCurrentOnly>
<bounds x="459" y="0" width="170" height="76"/>
</OView>
</objectViews>
<connectors>
<Connector class="oracle.dbtools.crest.swingui.logical.TVInheritanceRelation" oid="013AC454-50D4-1D7C-91C5-16DFD87C6989" otype="Hierarchy relation" vid_source="A8D58FD8-FE19-4336-4878-2F82AF8E8EC3" vid_target="DC8F200D-F453-47F1-F414-6F105E908570">
<hideElementsInCurrentOnly>false</hideElementsInCurrentOnly>
<backgroundColor>-65536</backgroundColor>
<lineWidth>1</lineWidth>
<points>
<point x="369" y="700"/>
<point x="369" y="753"/>
</points>
</Connector>
<Connector class="oracle.dbtools.crest.swingui.logical.TVRelation" oid="1E1EB5CC-3611-4EC4-1EE3-3318B116DA00" otype="Relation" vid_source="361A1F11-AB00-58DB-F108-44311F35A482" vid_target="CC0D4908-B8FB-3F80-EF82-892D7F5CFA69">
<hideElementsInCurrentOnly>false</hideElementsInCurrentOnly>
<backgroundColor>-16777216</backgroundColor>
<lineWidth>1</lineWidth>
<points>
<point x="190" y="260"/>
<point x="190" y="228"/>
</points>
</Connector>
<Connector class="oracle.dbtools.crest.swingui.logical.TVRelation" oid="1F395147-D1FB-18F9-3AC4-161235BE1445" otype="Relation" vid_source="CCA3E527-B0DF-3795-99AC-64D6DD8F5858" vid_target="CC0D4908-B8FB-3F80-EF82-892D7F5CFA69">
<hideElementsInCurrentOnly>false</hideElementsInCurrentOnly>
<backgroundColor>-16777216</backgroundColor>
<lineWidth>1</lineWidth>
<points>
<point x="459" y="74"/>
<point x="325" y="131"/>
</points>
</Connector>
<Connector class="oracle.dbtools.crest.swingui.logical.TVRelation" oid="29B96298-24E5-242B-56A1-C2C8950D7B12" otype="Relation" vid_source="CC0D4908-B8FB-3F80-EF82-892D7F5CFA69" vid_target="FEFA4957-272C-9F53-D51A-0667E6671DC8">
<hideElementsInCurrentOnly>false</hideElementsInCurrentOnly>
<backgroundColor>-16777216</backgroundColor>
<lineWidth>1</lineWidth>
<points>
<point x="325" y="223"/>
<point x="410" y="279"/>
</points>
</Connector>
<Connector class="oracle.dbtools.crest.swingui.logical.TVRelation" oid="4AEDAD25-DE90-EB43-0CBB-E68728D09C09" otype="Relation" vid_source="CCA3E527-B0DF-3795-99AC-64D6DD8F5858" vid_target="966A1158-1F74-F023-67B4-0D051512A460">
<hideElementsInCurrentOnly>false</hideElementsInCurrentOnly>
<backgroundColor>-16777216</backgroundColor>
<lineWidth>1</lineWidth>
<points>
<point x="502" y="76"/>
<point x="502" y="126"/>
</points>
</Connector>
<Connector class="oracle.dbtools.crest.swingui.logical.TVRelation" oid="54B99FC1-6E39-5549-4265-9165B53207F3" otype="Relation" vid_source="7633AF8E-66BD-579A-75B2-94475A6595D7" vid_target="CD87AA4A-0729-E3DE-95D7-8ED00DFB9163">
<hideElementsInCurrentOnly>false</hideElementsInCurrentOnly>
<backgroundColor>-16777216</backgroundColor>
<lineWidth>1</lineWidth>
<points>
<point x="221" y="506"/>
<point x="315" y="506"/>
</points>
</Connector>
<Connector class="oracle.dbtools.crest.swingui.logical.TVRelation" oid="5D755699-60AA-1AD6-87E5-67A56E2840EC" otype="Relation" vid_source="966A1158-1F74-F023-67B4-0D051512A460" vid_target="FEFA4957-272C-9F53-D51A-0667E6671DC8">
<hideElementsInCurrentOnly>false</hideElementsInCurrentOnly>
<backgroundColor>-16777216</backgroundColor>
<lineWidth>1</lineWidth>
<points>
<point x="478" y="236"/>
<point x="478" y="279"/>
</points>
</Connector>
<Connector class="oracle.dbtools.crest.swingui.logical.TVRelation" oid="5FAE7D5A-DCB8-9BC2-2083-0DC2EF833830" otype="Relation" vid_source="A8D58FD8-FE19-4336-4878-2F82AF8E8EC3" vid_target="6E164558-3ADF-7A9A-808F-9D10F878C5A1">
<hideElementsInCurrentOnly>false</hideElementsInCurrentOnly>
<backgroundColor>-16777216</backgroundColor>
<lineWidth>1</lineWidth>
<points>
<point x="489" y="678"/>
<point x="669" y="732"/>
</points>
</Connector>
<Connector class="oracle.dbtools.crest.swingui.logical.TVRelation" oid="72C70391-240E-EE88-DE9C-F1D1B9BDE5BD" otype="Relation" vid_source="FA8578E4-B360-CCB7-DE44-567B06875712" vid_target="DC8F200D-F453-47F1-F414-6F105E908570">
<hideElementsInCurrentOnly>false</hideElementsInCurrentOnly>
<backgroundColor>-16777216</backgroundColor>
<lineWidth>1</lineWidth>
<points>
<point x="242" y="802"/>
<point x="270" y="802"/>
</points>
</Connector>
<Connector class="oracle.dbtools.crest.swingui.logical.TVRelation" oid="76525EF8-0FF5-4EED-F4F7-CC8600171D2A" otype="Relation" vid_source="94B2DF0F-CBE8-00DF-E1E6-7EE4EFC5F74C" vid_target="A8D58FD8-FE19-4336-4878-2F82AF8E8EC3">
<hideElementsInCurrentOnly>false</hideElementsInCurrentOnly>
<backgroundColor>-16777216</backgroundColor>
<lineWidth>1</lineWidth>
<points>
<point x="569" y="651"/>
<point x="489" y="651"/>
</points>
</Connector>
<Connector class="oracle.dbtools.crest.swingui.logical.TVInheritanceRelation" oid="9F4E48FB-9864-755E-0D06-28C73E813109" otype="Hierarchy relation" vid_source="A8D58FD8-FE19-4336-4878-2F82AF8E8EC3" vid_target="E205F0F2-3BB7-D480-0B9A-4BCEA810A597">
<hideElementsInCurrentOnly>false</hideElementsInCurrentOnly>
<backgroundColor>-65536</backgroundColor>
<lineWidth>1</lineWidth>
<points>
<point x="464" y="700"/>
<point x="464" y="759"/>
</points>
</Connector>
<Connector class="oracle.dbtools.crest.swingui.logical.TVRelation" oid="E7978C1C-13E7-9958-BB47-41AA249E9DC7" otype="Relation" vid_source="CD87AA4A-0729-E3DE-95D7-8ED00DFB9163" vid_target="C1386548-247E-907E-CE5A-A503AC1355AD">
<hideElementsInCurrentOnly>false</hideElementsInCurrentOnly>
<backgroundColor>-16777216</backgroundColor>
<lineWidth>1</lineWidth>
<points>
<point x="485" y="513"/>
<point x="579" y="513"/>
</points>
</Connector>
<Connector class="oracle.dbtools.crest.swingui.logical.TVRelation" oid="F9230A3C-A602-AE6B-68F6-F53E4D7CA5B4" otype="Relation" vid_source="892F4C21-700D-C0A2-AEFF-CC35353F3985" vid_target="CD87AA4A-0729-E3DE-95D7-8ED00DFB9163">
<hideElementsInCurrentOnly>false</hideElementsInCurrentOnly>
<backgroundColor>-16777216</backgroundColor>
<lineWidth>1</lineWidth>
<points>
<point x="590" y="435"/>
<point x="485" y="435"/>
</points>
</Connector>
</connectors>
</Diagram>